Time,Open,High,Low,Last,Change,Volume
04/15/2020,283.18,286.33,280.63,284.43,-2.62,32075356
04/14/2020,280,288.25,278.05,287.05,13.8,48748600
04/13/2020,268.31,273.7,265.83,273.25,5.26,32755700
04/09/2020,268.7,270.07,264.7,267.99,1.92,40529100
04/08/2020,262.74,267.37,261.23,266.07,6.64,42223800
04/07/2020,269.39,271.7,259,259.43,-3.04,50721800
04/06/2020,250.9,263.11,249.38,262.47,21.06,50455000
04/03/2020,242.8,245.7,238.9741,241.41,-3.52,32470000
04/02/2020,240.34,245.15,236.9,244.93,4.02,41483400
04/01/2020,246.5,248.72,239.13,240.91,-13.38,44054600
03/31/2020,255.6,262.49,252,254.29,-0.52000000000001,49250500
03/30/2020,250.74,255.52,249.4,254.81,7.07,41994100
03/27/2020,252.75,255.87,247.05,247.74,-10.7,51054100
03/26/2020,247.2,258.68,246.36,258.44,12.92,63140100
03/25/2020,250.75,258.25,244.3,245.52,-1.36,75900496
03/24/2020,236.36,247.69,234.3,246.88,22.51,71882704
03/23/2020,228.08,228.4997,212.61,224.37,-4.87,84188200
03/20/2020,247.18,251.83,228,229.24,-15.54,100423296
03/19/2020,247.38,252.84,242.61,244.78,-1.89,67964200
03/18/2020,239.77,250,237.12,246.67,-6.19,75058400
03/17/2020,247.51,257.61,238.4,252.86,10.65,81013904
03/16/2020,241.95,259.08,240,242.21,-35.76,80605800
03/13/2020,264.89,279.92,252.95,277.97,29.74,92683000
03/12/2020,255.94,270,248,248.23,-27.2,104618496
03/11/2020,277.39,281.22,271.86,275.43,-9.91,64094900
03/10/2020,277.14,286.44,269.37,285.34,19.17,71322496
03/09/2020,263.75,278.09,263,266.17,-22.86,71686200
03/06/2020,282,290.82,281.23,289.03,-3.89,56544200
03/05/2020,295.52,299.55,291.41,292.92,-9.82,46893200
03/04/2020,296.44,303.4,293.13,302.74,13.42,54794500
03/03/2020,303.67,304,285.8,289.32,-9.49,79862704
03/02/2020,282.28,301.44,277.72,298.81,25.45,85349296
02/28/2020,257.26,278.41,256.37,273.36,-0.15999999999997,106721200
02/27/2020,281.1,286,272.96,273.52,-19.13,80150704
02/26/2020,286.53,297.88,286.5,292.65,4.57,49650700
02/25/2020,300.95,302.53,286.13,288.08,-10.1,57668300
02/24/2020,297.26,304.18,289.23,298.18,-14.87,55548800
02/21/2020,318.62,320.45,310.5,313.05,-7.25,32426400
02/20/2020,322.63,324.65,318.21,320.3,-3.32,25141400
02/19/2020,320,324.57,320,323.62,4.62,23495900
02/18/2020,315.36,319.75,314.61,319,-5.95,38190500
02/14/2020,324.74,325.98,322.85,324.95,0.079999999999984,20028400
02/13/2020,324.19,326.22,323.35,324.87,-2.33,23686800
02/12/2020,321.47,327.22,321.47,327.2,7.59,28432500
02/11/2020,323.6,323.9,318.71,319.61,-1.94,23580700
02/10/2020,314.18,321.55,313.85,321.55,1.52,27337200
02/07/2020,322.37,323.4,318,320.03,-5.18,29421000
02/06/2020,322.57,325.22,320.2648,325.21,3.76,26356300
02/05/2020,323.52,324.76,318.95,321.45,2.6,29706700
02/04/2020,315.31,319.64,313.6345,318.85,10.19,34154100
02/03/2020,304.3,313.49,302.22,308.66,-0.84999999999997,43496300
01/31/2020,320.93,322.68,308.29,309.51,-14.36,49897000
01/30/2020,320.54,324.09,318.75,323.87,-0.46999999999997,31685800
01/29/2020,324.45,327.85,321.38,324.34,6.65,54149900
01/28/2020,312.6,318.4,312.19,317.69,8.74,40558400
01/27/2020,310.06,311.77,304.88,308.95,-9.36,40485000
01/24/2020,320.25,323.33,317.5188,318.31,-0.92000000000002,36634300
01/23/2020,317.92,319.56,315.65,319.23,1.53,26117900
01/22/2020,318.58,319.99,317.31,317.7,1.13,25458100
01/21/2020,317.19,319.02,316,316.57,-2.16,27710800
01/17/2020,316.27,318.74,315,318.73,3.49,34454100
01/16/2020,313.59,315.7,312.09,315.24,3.9,27207200
01/15/2020,311.85,315.5,309.55,311.34,-1.34,30480800
01/14/2020,316.7,317.57,312.17,312.68,-4.28,40653400
01/13/2020,311.64,317.07,311.15,316.96,6.63,30521700
01/10/2020,310.6,312.67,308.25,310.33,0.69999999999999,35217200
01/09/2020,307.23,310.43,306.2,309.63,6.44,42621500
01/08/2020,297.16,304.4399,297.156,303.19,4.8,33090900
01/07/2020,299.84,300.9,297.48,298.39,-1.41,27803800
01/06/2020,293.79,299.96,292.75,299.8,2.37,29644600
01/03/2020,297.15,300.58,296.5,297.43,-2.92,36633800
01/02/2020,296.24,300.6,295.19,300.35,6.7,33911800
12/31/2019,290.2,293.68,289.52,293.65,2.13,25247600
12/30/2019,289.46,292.69,285.22,291.52,1.72,36059600
12/27/2019,291.12,293.97,288.12,289.8,-0.11000000000001,36592900
12/26/2019,284.82,289.98,284.7,289.91,5.64,23334000
12/24/2019,284.69,284.89,282.9197,284.27,0.26999999999998,12119700
12/23/2019,280.53,284.25,280.3735,284,4.56,24677800
12/20/2019,282.23,282.65,278.56,279.44,-0.57999999999998,69032704
12/19/2019,279.5,281.18,278.95,280.02,0.27999999999997,24626900
12/18/2019,279.8,281.9,279.12,279.74,-0.67000000000002,29024600
12/17/2019,279.57,281.77,278.8,280.41,0.55000000000001,28575700
12/16/2019,277,280.79,276.98,279.86,4.71,32081100
12/13/2019,271.46,275.3,270.93,275.15,3.69,33432800
12/12/2019,267.78,272.5599,267.321,271.46,0.69,34437000
12/11/2019,268.81,271.1,268.5,270.77,2.29,19723300
12/10/2019,268.6,270.07,265.86,268.48,1.56,22632300
12/09/2019,270,270.8,264.91,266.92,-3.79,32182600
12/06/2019,267.48,271,267.3,270.71,5.13,26547400
12/05/2019,263.79,265.89,262.73,265.58,3.84,18661300
12/04/2019,261.07,263.31,260.68,261.74,2.29,16810300
12/03/2019,258.31,259.53,256.29,259.45,-4.71,29377200
12/02/2019,267.27,268.25,263.45,264.16,-3.09,23693500
11/29/2019,266.6,268,265.9,267.25,-0.58999999999997,11654300
11/27/2019,265.58,267.98,265.31,267.84,3.55,16386100
11/26/2019,266.94,267.16,262.5,264.29,-2.08,26334800
11/25/2019,262.71,266.44,262.52,266.37,4.59,21029500
11/22/2019,262.59,263.18,260.84,261.78,-0.23000000000002,16331200
11/21/2019,263.69,264.005,261.18,262.01,-1.18,30348700
11/20/2019,265.54,266.083,260.4,263.19,-3.1,26609900
11/19/2019,267.9,268,265.3926,266.29,-0.81,19069500
11/18/2019,265.8,267.43,264.23,267.1,1.34,21700800
11/15/2019,263.68,265.78,263.01,265.76,3.12,25093600
11/14/2019,263.75,264.88,262.1,262.64,-1.83,22395500
11/13/2019,261.13,264.78,261.07,264.47,2.51,25810000
11/12/2019,261.55,262.79,260.92,261.96,-0.24000000000001,21833700
11/11/2019,258.3,262.47,258.28,262.2,2.06,20507400
11/08/2019,258.69,260.44,256.85,260.14,0.70999999999998,17520400
11/07/2019,258.74,260.35,258.11,259.43,2.19,23735000
11/06/2019,256.77,257.49,255.365,257.24,0.11000000000001,18966100
11/05/2019,257.05,258.19,256.32,257.13,-0.37,19974400
11/04/2019,257.33,257.845,255.38,257.5,1.68,25817900
11/01/2019,249.54,255.93,249.16,255.82,7.06,37781300
10/31/2019,247.24,249.17,237.26,248.76,5.5,34790500
10/30/2019,244.76,245.3,241.21,243.26,-0.030000000000001,31130500
10/29/2019,248.97,249.75,242.57,243.29,-5.76,35709800
10/28/2019,247.42,249.25,246.72,249.05,2.47,24143200
10/25/2019,243.16,246.73,242.88,246.58,3,18369200
10/24/2019,244.51,244.8,241.805,243.58,0.40000000000001,17916200
10/23/2019,241.37,243.24,241.22,243.18,3.22,19932500
10/22/2019,241.16,242.2,239.6218,239.96,-0.54999999999998,22684000
10/21/2019,237.52,240.99,237.32,240.51,4.1,22367400
10/18/2019,234.59,237.58,234.29,236.41,1.13,24377100
10/17/2019,235.09,236.15,233.52,235.28,0.91,17272800
10/16/2019,233.37,235.24,233.2,234.37,-0.94999999999999,19286600
10/15/2019,236.39,237.65,234.88,235.32,-0.55000000000001,23040400
10/14/2019,234.9,238.1342,234.6701,235.87,-0.34,24413400
10/11/2019,232.95,237.64,232.3075,236.21,6.12,41990200
10/10/2019,227.93,230.44,227.3,230.09,3.06,28962900
10/09/2019,227.03,227.79,225.64,227.03,2.63,19029400
10/08/2019,225.82,228.06,224.33,224.4,-2.66,29282700
10/07/2019,226.27,229.93,225.84,227.06,0.050000000000011,30889200
10/04/2019,225.64,227.49,223.89,227.01,6.19,34755500
10/03/2019,218.43,220.96,215.132,220.82,1.86,30352600
10/02/2019,223.06,223.58,217.93,218.96,-5.63,35767200
10/01/2019,225.07,228.22,224.2,224.59,0.62,36187100
09/30/2019,220.79,224.58,220.79,223.97,5.15,26318500
09/27/2019,220.54,220.96,217.2814,218.82,-1.07,25361200
09/26/2019,220,220.94,218.83,219.89,-1.14,19088300
09/25/2019,218.55,221.5,217.1402,221.03,3.35,22481000
09/24/2019,221.03,222.49,217.19,217.68,-1.04,31434300
09/23/2019,218.95,219.84,217.65,218.72,0.99000000000001,19419600
09/20/2019,221.38,222.56,217.473,217.73,-3.23,57977000
09/19/2019,222.01,223.76,220.37,220.96,-1.81,22187800
09/18/2019,221.06,222.85,219.44,222.77,2.07,25643000
09/17/2019,219.96,220.82,219.12,220.7,0.79999999999998,18386400
09/16/2019,217.73,220.13,217.56,219.9,1.15,21158100
09/13/2019,220,220.79,217.02,218.75,-4.335,39763200
09/12/2019,224.8,226.42,222.86,223.085,-0.505,32226600
09/11/2019,218.07,223.71,217.73,223.59,6.89,44289600
09/10/2019,213.86,216.78,211.71,216.7,2.53,31777900
09/09/2019,214.84,216.44,211.07,214.17,0.91,27309400
09/06/2019,214.05,214.42,212.51,213.26,-0.02000000000001,19362200
09/05/2019,212,213.97,211.51,213.28,4.09,23946900
09/04/2019,208.39,209.48,207.32,209.19,3.49,19216800
09/03/2019,206.43,206.98,204.22,205.7,-3.04,20059500
08/30/2019,210.16,210.45,207.2,208.74,-0.26999999999998,21162500
08/29/2019,208.5,209.32,206.655,209.01,3.48,21007600
08/28/2019,204.1,205.72,203.32,205.53,1.37,15957600
08/27/2019,207.86,208.55,203.53,204.16,-2.33,25897300
08/26/2019,205.86,207.19,205.0573,206.49,3.85,26066100
08/23/2019,209.43,212.051,201,202.64,-9.82,46882800
08/22/2019,213.19,214.435,210.75,212.46,-0.17999999999998,22267800
08/21/2019,212.99,213.65,211.6032,212.64,2.28,21564700
08/20/2019,210.88,213.35,210.32,210.36,0.010000000000019,26919500
08/19/2019,210.62,212.7307,210.025,210.35,3.85,24431900
08/16/2019,204.28,207.16,203.84,206.5,4.76,28813600
08/15/2019,204.25,205.14,199.67,201.74,-1.01,27883300
08/14/2019,203.16,206.44,202.5869,202.75,-6.22,36547400
08/13/2019,201.02,212.14,200.83,208.97,8.49,47539700
08/12/2019,199.62,202.0516,199.15,200.48,-0.51000000000002,22481800
08/09/2019,201.3,202.76,199.29,200.99,-2.44,24619700
08/08/2019,200.2,203.53,199.39,203.43,4.39,27009500
08/07/2019,195.41,199.56,193.82,199.04,2.04,33364400
08/06/2019,196.31,198.067,194.04,197,3.66,35824700
08/05/2019,197.99,198.649,192.58,193.34,-10.68,52392900
08/02/2019,205.53,206.43,201.63,204.02,-4.41,40862100
08/01/2019,213.9,218.03,206.7435,208.43,-4.61,54017900
07/31/2019,216.42,221.37,211.3,213.04,4.26,69281296
07/30/2019,208.76,210.16,207.31,208.78,-0.90000000000001,33935700
07/29/2019,208.46,210.64,208.44,209.68,1.94,21673300
07/26/2019,207.48,209.73,207.14,207.74,0.72,17618800
07/25/2019,208.89,209.24,206.73,207.02,-1.65,13909500
07/24/2019,207.67,209.15,207.17,208.67,-0.17000000000002,14991500
07/23/2019,208.46,208.91,207.29,208.84,1.62,18355200
07/22/2019,203.65,207.23,203.61,207.22,4.63,22277900
07/19/2019,205.79,206.5,202.36,202.59,-3.07,20929300
07/18/2019,204,205.88,203.7,205.66,2.31,18582100
07/17/2019,204.05,205.0915,203.27,203.35,-1.15,14107400
07/16/2019,204.59,206.11,203.5,204.5,-0.71000000000001,16866800
07/15/2019,204.09,205.87,204,205.21,1.91,16947400
07/12/2019,202.45,204,202.2,203.3,1.55,17595200
07/11/2019,203.31,204.39,201.71,201.75,-1.48,20191800
07/10/2019,201.85,203.73,201.56,203.23,1.99,17897100
07/09/2019,199.2,201.51,198.81,201.24,1.22,20578000
07/08/2019,200.81,201.4,198.41,200.02,-4.21,25338600
07/05/2019,203.35,205.08,202.9,204.23,-0.18000000000001,17265500
07/03/2019,203.28,204.44,202.6901,204.41,1.68,11362000
07/02/2019,201.41,203.1323,201.36,202.73,1.18,16935200
07/01/2019,203.17,204.49,200.65,201.55,3.63,27316700
06/28/2019,198.68,199.495,197.05,197.92,-1.82,31110600
06/27/2019,200.45,201.57,199.57,199.74,-0.060000000000002,20899700
06/26/2019,197.77,200.99,197.35,199.8,4.23,26067500
06/25/2019,198.43,199.26,195.29,195.57,-3.01,21070300
06/24/2019,198.54,200.16,198.17,198.58,-0.19999999999999,18220400
06/21/2019,198.8,200.85,198.15,198.78,-0.68000000000001,47800500
06/20/2019,200.37,200.61,198.03,199.46,1.59,21513900
06/19/2019,199.68,199.88,197.31,197.87,-0.57999999999998,21124200
06/18/2019,196.05,200.29,195.21,198.45,4.56,26551000
06/17/2019,192.9,194.96,192.17,193.89,1.15,14669100
06/14/2019,191.54,193.5863,190.3,192.74,-1.41,18761400
06/13/2019,194.7,196.79,193.6,194.15,-0.039999999999992,21674600
06/12/2019,193.95,195.97,193.385,194.19,-0.62,18253100
06/11/2019,194.86,196,193.6,194.81,2.23,26932800
06/10/2019,191.81,195.37,191.62,192.58,2.43,26220800
06/07/2019,186.51,191.92,185.77,190.15,4.93,30684300
06/06/2019,183.08,185.47,182.1489,185.22,2.68,22526300
06/05/2019,184.28,184.99,181.14,182.54,2.9,29773400
06/04/2019,175.44,179.83,174.52,179.64,6.34,30967900
06/03/2019,175.6,177.92,170.27,173.3,-1.77,40396000
05/31/2019,176.23,177.99,174.99,175.07,-3.23,27043500
05/30/2019,177.95,179.23,176.67,178.3,0.92000000000002,21218400
05/29/2019,176.42,179.35,176,177.38,-0.84999999999999,28481100
05/28/2019,178.92,180.59,177.91,178.23,-0.74000000000001,27948100
05/24/2019,180.2,182.14,178.62,178.97,-0.69,23714600
05/23/2019,179.8,180.54,177.81,179.66,-3.12,36529700
05/22/2019,184.66,185.71,182.55,182.78,-3.82,29748500
05/21/2019,185.22,188,184.7,186.6,3.51,28364800
05/20/2019,183.52,184.349,180.2839,183.09,-5.91,38612200
05/17/2019,186.93,190.9,186.76,189,-1.08,32879000
05/16/2019,189.91,192.4689,188.84,190.08,-0.83999999999997,33031300
05/15/2019,186.27,191.75,186.02,190.92,2.26,26544700
05/14/2019,186.41,189.7,185.41,188.66,2.94,36529600
05/13/2019,187.71,189.48,182.85,185.72,-11.46,57430600
05/10/2019,197.42,198.85,192.77,197.18,-3.54,41208700
05/09/2019,200.4,201.68,196.66,200.72,-2.18,34908600
05/08/2019,201.9,205.34,201.75,202.9,0.039999999999992,26339500
05/07/2019,205.88,207.4175,200.825,202.86,-5.62,38763700
05/06/2019,204.29,208.84,203.5,208.48,-3.27,32443100
05/03/2019,210.89,211.84,210.23,211.75,2.6,20892300
05/02/2019,209.84,212.65,208.13,209.15,-1.37,31996300
05/01/2019,209.88,215.31,209.23,210.52,9.85,64827300
04/30/2019,203.06,203.4,199.11,200.67,-3.94,46534900
04/29/2019,204.4,205.97,203.86,204.61,0.31,22204700
04/26/2019,204.9,205,202.12,204.3,-0.97999999999999,18649100
04/25/2019,206.83,207.76,205.12,205.28,-1.88,18543200
04/24/2019,207.36,208.48,207.05,207.16,-0.31999999999999,17540600
04/23/2019,204.43,207.75,203.9,207.48,2.95,23322900
04/22/2019,202.83,204.94,202.34,204.53,0.66999999999999,19439500
04/18/2019,203.12,204.15,202.52,203.86,0.73000000000002,24195700
04/17/2019,199.54,203.38,198.61,203.13,3.88,28906700
04/16/2019,199.46,201.37,198.56,199.25,0.02000000000001,25696300
04/15/2019,198.58,199.85,198.01,199.23,0.35999999999999,17536600
04/12/2019,199.2,200.14,196.21,198.87,-0.079999999999984,27760600
04/11/2019,200.85,201,198.4431,198.95,-1.67,20900800
04/10/2019,198.68,200.74,198.18,200.62,1.12,21695200
04/09/2019,200.32,202.85,199.23,199.5,-0.59999999999999,35768200
04/08/2019,196.42,200.23,196.34,200.1,3.1,25881600
04/05/2019,196.45,197.1,195.93,197,1.31,18526600
04/04/2019,194.79,196.37,193.14,195.69,0.34,19114200
04/03/2019,193.25,196.5,193.15,195.35,1.33,23271800
04/02/2019,191.09,194.46,191.05,194.02,2.78,22765700
04/01/2019,191.64,191.68,188.38,191.24,1.29,27861900
03/29/2019,189.83,190.08,188.54,189.95,1.23,23563900
03/28/2019,188.95,189.559,187.53,188.72,0.25,20780300
03/27/2019,188.75,189.76,186.55,188.47,1.68,29848400
03/26/2019,191.66,192.88,184.58,186.79,-1.95,49800500
03/25/2019,191.51,191.98,186.6,188.74,-2.31,43845200
03/22/2019,195.34,197.69,190.78,191.05,-4.04,42407600
03/21/2019,190.02,196.33,189.81,195.09,6.93,51034200
03/20/2019,186.23,189.49,184.73,188.16,1.63,31035200
03/19/2019,188.35,188.99,185.92,186.53,-1.49,31646300
03/18/2019,185.8,188.39,185.79,188.02,1.9,26219800
03/15/2019,184.85,187.33,183.74,186.12,2.39,39042900
03/14/2019,183.9,184.1,182.56,183.73,2.02,23579500
03/13/2019,182.25,183.3,180.92,181.71,0.80000000000001,31032500
03/12/2019,180,182.67,179.37,180.91,2.01,32467500
03/11/2019,175.49,179.12,175.35,178.9,5.99,32011000
03/08/2019,170.32,173.07,169.5,172.91,0.41,23999300
03/07/2019,173.87,174.44,172.02,172.5,-2.02,24796300
03/06/2019,174.67,175.49,173.94,174.52,-1.01,20810300
03/05/2019,175.94,176,174.54,175.53,-0.31999999999999,19737400
03/04/2019,175.69,177.75,173.97,175.85,0.88,27436200
03/01/2019,174.28,175.15,172.89,174.97,1.82,25886100
02/28/2019,174.32,174.91,172.92,173.15,-1.72,28215400
02/27/2019,173.21,175,172.73,174.87,0.53999999999999,27835300
02/26/2019,173.71,175.3,173.17,174.33,0.10000000000002,17070200
02/25/2019,174.16,175.87,173.95,174.23,1.26,21873300
02/22/2019,171.58,173,171.38,172.97,1.91,18913100
02/21/2019,171.8,172.37,170.3,171.06,-0.97,17249600
02/20/2019,171.19,173.32,170.99,172.03,1.1,26114300
02/19/2019,169.71,171.44,169.49,170.93,0.51000000000002,18972800
02/15/2019,171.25,171.7,169.75,170.42,-0.38000000000002,24626800
02/14/2019,169.71,171.26,169.38,170.8,0.62,21835700
02/13/2019,171.39,172.48,169.92,170.18,-0.70999999999998,22490200
02/12/2019,170.1,171,169.7,170.89,1.46,22283500
02/11/2019,171.05,171.21,169.25,169.43,-0.97999999999999,20993400
02/08/2019,168.99,170.66,168.42,170.41,-0.53,23819900
02/07/2019,172.4,173.94,170.34,170.94,-3.3,31741600
02/06/2019,174.65,175.57,172.85,174.24,0.060000000000002,28239500
02/05/2019,172.86,175.08,172.35,174.18,2.93,36101600
02/04/2019,167.41,171.655,167.28,171.25,4.73,31495500
02/01/2019,166.96,168.98,165.93,166.52,0.080000000000013,32668100
01/31/2019,166.11,169,164.56,166.44,1.19,40739600
01/30/2019,163.25,166.15,160.23,165.25,10.57,61109700
01/29/2019,156.25,158.13,154.11,154.68,-1.62,41587200
01/28/2019,155.79,156.33,153.66,156.3,-1.46,26192000
01/25/2019,155.48,158.13,154.32,157.76,5.06,33547800
01/24/2019,154.11,154.48,151.74,152.7,-1.22,25441500
01/23/2019,154.15,155.14,151.7,153.92,0.61999999999998,23130500
01/22/2019,156.41,156.73,152.62,153.3,-3.52,30393900
01/18/2019,157.5,157.88,155.98,156.82,0.95999999999998,33751000
01/17/2019,154.2,157.66,153.26,155.86,0.92000000000002,29821100
01/16/2019,153.08,155.88,153,154.94,1.87,30569700
01/15/2019,150.27,153.39,150.05,153.07,3.07,28710300
01/14/2019,150.85,151.27,149.22,150,-2.29,32439100
01/11/2019,152.88,153.7,151.51,152.29,-1.51,27023200
01/10/2019,152.5,153.97,150.86,153.8,0.49000000000001,35780600
01/09/2019,151.29,154.53,149.63,153.31,2.56,45099000
01/08/2019,149.56,151.82,148.52,150.75,2.82,41025300
01/07/2019,148.7,148.83,145.9,147.93,-0.32999999999998,54777700
01/04/2019,144.53,148.55,143.8,148.26,6.07,58607000
01/03/2019,143.98,145.72,142,142.19,-15.73,91312200
01/02/2019,154.89,158.85,154.23,157.92,0.17999999999998,37039700
12/31/2018,158.53,159.36,156.48,157.74,1.51,35003400
12/28/2018,157.5,158.52,154.55,156.23,0.079999999999984,42291400
12/27/2018,155.84,156.77,150.07,156.15,-1.02,53117000
12/26/2018,148.3,157.23,146.72,157.17,10.34,58582500
12/24/2018,148.15,151.55,146.59,146.83,-3.9,37169200
12/21/2018,156.86,158.16,149.63,150.73,-6.1,95744304
12/20/2018,160.4,162.11,155.3,156.83,-4.06,64772900
12/19/2018,166,167.45,159.09,160.89,-5.18,49047200
12/18/2018,165.38,167.53,164.39,166.07,2.13,33841500
12/17/2018,165.45,168.35,162.73,163.94,-1.54,44287900
12/14/2018,169,169.08,165.28,165.48,-5.47,40703700
12/13/2018,170.49,172.57,169.55,170.95,1.85,31897800
12/12/2018,170.4,171.92,169.02,169.1,0.47,35627600
12/11/2018,171.66,171.79,167,168.63,-0.97,47281600
12/10/2018,165,170.09,163.33,169.6,1.11,62025900
12/07/2018,173.49,174.49,168.3,168.49,-6.23,42281600
12/06/2018,171.76,174.78,170.42,174.72,-1.97,43098400
12/04/2018,180.95,182.39,176.27,176.69,-8.13,41344200
12/03/2018,184.46,184.94,181.21,184.82,6.24,40798000
11/30/2018,180.29,180.33,177.03,178.58,-0.97,39531500
11/29/2018,182.66,182.8,177.7,179.55,-1.39,41769900
11/28/2018,176.73,181.29,174.93,180.94,6.7,46062500
11/27/2018,171.51,174.77,170.88,174.24,-0.38,41387300
11/26/2018,174.24,174.95,170.26,174.62,2.33,44998500
11/23/2018,174.94,176.595,172.1,172.29,-4.49,23623900
11/21/2018,179.73,180.27,176.55,176.78,-0.19999999999999,31124200
11/20/2018,178.37,181.47,175.51,176.98,-8.88,67825200
11/19/2018,190,190.7,184.99,185.86,-7.67,41920800
11/16/2018,190.5,194.97,189.46,193.53,2.12,36928200
11/15/2018,188.39,191.97,186.9,191.41,4.61,46478800
11/14/2018,193.9,194.48,185.93,186.8,-5.43,60800900
11/13/2018,191.63,197.18,191.45,192.23,-1.94,46882900
11/12/2018,199,199.85,193.79,194.17,-10.3,51135500
11/09/2018,205.55,206.01,202.25,204.47,-4.02,34365700
11/08/2018,209.98,210.12,206.75,208.49,-1.46,25362600
11/07/2018,205.97,210.06,204.13,209.95,6.18,33424400
11/06/2018,201.92,204.72,201.69,203.77,2.18,31886000
11/05/2018,204.3,204.39,198.17,201.59,-5.89,66163600
11/02/2018,209.55,213.65,205.43,207.48,-14.74,91328600
11/01/2018,219.05,222.36,216.81,222.22,3.36,58323100
10/31/2018,216.88,220.45,216.62,218.86,5.56,38358900
10/30/2018,211.15,215.18,209.27,213.3,1.06,36659900
10/29/2018,219.19,219.69,206.09,212.24,-4.06,45935500
10/26/2018,215.9,220.19,212.67,216.3,-3.5,47258300
10/25/2018,217.71,221.38,216.75,219.8,4.71,29855700
10/24/2018,222.6,224.23,214.54,215.09,-7.64,40925100
10/23/2018,215.83,223.25,214.7,222.73,2.08,38767800
10/22/2018,219.79,223.36,218.94,220.65,1.34,28792000
10/19/2018,218.06,221.26,217.43,219.31,3.29,33078700
10/18/2018,217.86,219.74,213,216.02,-5.17,32581300
10/17/2018,222.3,222.64,219.34,221.19,-0.96000000000001,22885300
10/16/2018,218.93,222.99,216.76,222.15,4.79,29183900
10/15/2018,221.16,221.83,217.27,217.36,-4.75,30791000
10/12/2018,220.42,222.88,216.84,222.11,7.66,40337800
10/11/2018,214.52,219.5,212.32,214.45,-1.91,53124300
10/10/2018,225.46,226.35,216.05,216.36,-10.51,41990500
10/09/2018,223.64,227.27,222.25,226.87,3.1,26891000
10/08/2018,222.21,224.8,220.2,223.77,-0.51999999999998,29663900
10/05/2018,227.96,228.41,220.58,224.29,-3.7,33580400
10/04/2018,230.78,232.35,226.73,227.99,-4.08,32042000
10/03/2018,230.05,233.47,229.78,232.07,2.79,28654800
10/02/2018,227.25,230,226.63,229.28,2.02,24788100
10/01/2018,227.95,229.42,226.35,227.26,1.52,23600800
09/28/2018,224.79,225.84,224.02,225.74,0.79000000000002,22929300
09/27/2018,223.82,226.44,223.54,224.95,4.53,30181200
09/26/2018,221,223.75,219.76,220.42,-1.77,23984700
09/25/2018,219.75,222.82,219.7,222.19,1.4,24554300
09/24/2018,216.82,221.26,216.63,220.79,3.13,27693300
09/21/2018,220.78,221.36,217.29,217.66,-2.37,96246704
09/20/2018,220.24,222.28,219.15,220.03,1.66,26608700
09/19/2018,218.5,219.62,215.3,218.37,0.13,27123800
09/18/2018,217.79,221.85,217.12,218.24,0.36000000000001,31571700
09/17/2018,222.15,222.95,217.27,217.88,-5.96,37195100
09/14/2018,225.75,226.84,222.52,223.84,-2.57,31999200
09/13/2018,223.52,228.35,222.57,226.41,5.34,41706300
09/12/2018,224.94,225,219.84,221.07,-2.78,49278700
09/11/2018,218.01,224.3,216.56,223.85,5.52,35749000
09/10/2018,220.95,221.85,216.47,218.33,-2.97,39516400
09/07/2018,221.85,225.37,220.71,221.3,-1.8,37619800
09/06/2018,226.23,227.35,221.3,223.1,-3.77,34289900
09/05/2018,228.99,229.67,225.1,226.87,-1.49,33332900
09/04/2018,228.41,229.18,226.63,228.36,0.73000000000002,27390100
08/31/2018,226.51,228.87,226,227.63,2.6,43340100
08/30/2018,223.25,228.26,222.4,225.03,2.05,48793800
08/29/2018,220.15,223.49,219.41,222.98,3.28,27254800
08/28/2018,219.01,220.54,218.92,219.7,1.76,22776700
08/27/2018,217.15,218.74,216.33,217.94,1.78,20525100
08/24/2018,216.6,216.9,215.11,216.16,0.66999999999999,18476300
08/23/2018,214.65,217.05,214.6,215.49,0.44,18883200
08/22/2018,214.1,216.36,213.84,215.05,0.010000000000019,19018100
08/21/2018,216.8,217.19,214.025,215.04,-0.42000000000002,26159700
08/20/2018,218.1,219.18,215.11,215.46,-2.12,30287600
08/17/2018,213.44,217.95,213.16,217.58,4.26,35426900
08/16/2018,211.75,213.81,211.47,213.32,3.08,28500300
08/15/2018,209.22,210.74,208.33,210.24,0.49000000000001,28807500
08/14/2018,210.15,210.56,208.26,209.75,0.88,20748000
08/13/2018,207.7,210.95,207.7,208.87,1.34,25890800
08/10/2018,207.36,209.1,206.67,207.53,-1.35,24611200
08/09/2018,207.28,209.78,207.2,208.88,1.63,23492600
08/08/2018,206.05,207.81,204.52,207.25,0.13999999999999,22525400
08/07/2018,209.32,209.5,206.76,207.11,-1.96,25587300
08/06/2018,208,209.25,207.07,209.07,1.08,25425300
08/03/2018,207.03,208.74,205.48,207.99,0.60000000000002,33447300
08/02/2018,200.58,208.38,200.35,207.39,5.89,62404000
08/01/2018,199.13,201.76,197.31,201.5,11.21,67935696
07/31/2018,190.3,192.14,189.34,190.29,0.38,39373000
07/30/2018,191.9,192.2,189.07,189.91,-1.07,21029500
07/27/2018,194.99,195.19,190.1,190.98,-3.23,24023900
07/26/2018,194.61,195.96,193.61,194.21,-0.60999999999999,19075900
07/25/2018,193.06,194.85,192.43,194.82,1.82,16826400
07/24/2018,192.45,193.66,192.05,193,1.39,18697800
07/23/2018,190.68,191.96,189.56,191.61,0.17000000000002,15989300
07/20/2018,191.78,192.43,190.17,191.44,-0.44,20706000
07/19/2018,189.69,192.55,189.69,191.88,1.48,20286700
07/18/2018,191.78,191.8,189.93,190.4,-1.05,16393300
07/17/2018,189.75,191.87,189.2,191.45,0.53999999999999,15534500
07/16/2018,191.52,192.65,190.415,190.91,-0.42000000000002,15043100
07/13/2018,191.08,191.84,190.9,191.33,0.30000000000001,12519700
07/12/2018,189.53,191.41,189.31,191.03,3.15,18041100
07/11/2018,188.5,189.78,187.61,187.88,-2.47,18831400
07/10/2018,190.71,191.28,190.18,190.35,-0.23000000000002,15939100
07/09/2018,189.5,190.68,189.3,190.58,2.61,19756600
07/06/2018,185.42,188.43,185.2,187.97,2.57,17485200
07/05/2018,185.26,186.41,184.28,185.4,1.48,16604200
07/03/2018,187.79,187.95,183.54,183.92,-3.26,13954800
07/02/2018,183.82,187.3,183.42,187.18,2.07,17731300
06/29/2018,186.29,187.19,182.91,185.11,-0.38999999999999,22737600
06/28/2018,184.1,186.21,183.8,185.5,1.34,17365200
06/27/2018,185.23,187.28,184.03,184.16,-0.27000000000001,25285300
06/26/2018,182.99,186.53,182.54,184.43,2.26,24569200
06/25/2018,183.4,184.92,180.73,182.17,-2.75,31663000
06/22/2018,186.12,186.15,184.7,184.92,-0.54000000000002,27200400
06/21/2018,187.25,188.35,184.94,185.46,-1.04,25711800
06/20/2018,186.35,187.2,185.73,186.5,0.81,20628700
06/19/2018,185.14,186.33,183.45,185.69,-3.05,33578400
06/18/2018,187.88,189.22,187.2,188.74,-0.099999999999994,18484800
06/15/2018,190.03,190.16,188.26,188.84,-1.96,61719100
06/14/2018,191.55,191.57,190.22,190.8,0.10000000000002,21610000
06/13/2018,192.42,192.88,190.44,190.7,-1.58,21638300
06/12/2018,191.38,192.61,191.15,192.28,1.05,16911100
06/11/2018,191.35,191.97,190.21,191.23,-0.47,18308400
06/08/2018,191.17,192,189.77,191.7,-1.76,26656800
06/07/2018,194.14,194.2,192.335,193.46,-0.51999999999998,21347100
06/06/2018,193.63,194.08,191.92,193.98,0.66999999999999,20933600
06/05/2018,193.07,193.94,192.36,193.31,1.48,21565900
06/04/2018,191.63,193.42,191.35,191.83,1.59,26266100
06/01/2018,187.99,190.26,187.75,190.24,3.37,23442500
05/31/2018,187.22,188.23,186.14,186.87,-0.63,27482700
05/30/2018,187.72,188,186.78,187.5,-0.40000000000001,18690500
05/29/2018,187.6,188.75,186.87,187.9,-0.68000000000001,22514000
05/25/2018,188.23,189.65,187.65,188.58,0.43000000000001,17460900
05/24/2018,188.77,188.84,186.21,188.15,-0.21000000000001,23233900
05/23/2018,186.35,188.5,185.76,188.36,1.2,20058400
05/22/2018,188.38,188.88,186.78,187.16,-0.47,15240700
05/21/2018,188,189.27,186.91,187.63,1.32,18400700
05/18/2018,187.19,187.81,186.13,186.31,-0.68000000000001,18297700
05/17/2018,188,188.91,186.36,186.99,-1.19,17294000
05/16/2018,186.07,188.46,186,188.18,1.74,19183000
05/15/2018,186.78,187.07,185.1,186.44,-1.71,23695100
05/14/2018,189.01,189.53,187.86,188.15,-0.44,20778700
05/11/2018,189.49,190.06,187.45,188.59,-1.45,26212200
05/10/2018,187.74,190.37,187.65,190.04,2.68,27989200
05/09/2018,186.55,187.4,185.22,187.36,1.31,23211200
05/08/2018,184.99,186.22,183.665,186.05,0.89000000000001,28402700
05/07/2018,185.18,187.67,184.75,185.16,1.33,42451400
05/04/2018,178.25,184.25,178.17,183.83,6.94,56201300
05/03/2018,175.88,177.5,174.44,176.89,0.31999999999999,34068100
05/02/2018,175.23,177.75,173.8,176.57,7.47,66539300
05/01/2018,166.41,169.2,165.27,169.1,3.84,53569300
04/30/2018,162.13,167.26,161.84,165.26,2.94,42427400
04/27/2018,164,164.33,160.63,162.32,-1.9,35655800
04/26/2018,164.12,165.73,163.37,164.22,0.56999999999999,27963000
04/25/2018,162.62,165.42,162.41,163.65,0.71000000000001,28382000
04/24/2018,165.67,166.33,161.22,162.94,-2.3,33692000
04/23/2018,166.83,166.92,164.09,165.24,-0.47999999999999,36515400
04/20/2018,170.6,171.22,165.43,165.72,-7.08,65491100
04/19/2018,174.95,175.39,172.66,172.8,-5.04,34808800
04/18/2018,177.81,178.82,176.88,177.84,-0.40000000000001,20754500
04/17/2018,176.49,178.94,176.41,178.24,2.42,26605400
04/16/2018,175.03,176.19,174.83,175.82,1.09,21578400
"Downloaded from Barchart.com as of 04-15-2020 04:12pm CDT"
