"Data","Último","Abertura","Máxima","Mínima","Vol.","Var%"
"16.04.2020","836,62","841,25","846,75","835,38","-","-0,57%"
"15.04.2020","841,38","847,75","852,38","838,88","-","-0,74%"
"14.04.2020","847,62","854,75","856,50","845,88","-","-0,83%"
"13.04.2020","854,75","864,62","869,88","850,62","-","-0,98%"
"10.04.2020","863,25","863,25","863,25","863,25","-","-0,02%"
"09.04.2020","863,38","855,62","866,88","853,88","-","0,89%"
"08.04.2020","855,75","855,62","860,50","851,75","-","-0,03%"
"07.04.2020","856,00","856,88","862,38","854,25","-","-0,01%"
"06.04.2020","856,12","852,75","858,88","848,62","-","0,35%"
"05.04.2020","853,12","853,12","853,12","853,12","-","-0,09%"
"03.04.2020","853,88","859,75","864,62","850,38","-","-0,67%"
"02.04.2020","859,62","864,62","869,88","857,12","-","-0,58%"
"01.04.2020","864,62","885,62","886,88","860,88","-","-2,39%"
"31.03.2020","885,75","882,75","887,38","875,88","-","0,35%"
"30.03.2020","882,62","880,12","892,38","876,75","-","0,30%"
"29.03.2020","880,00","880,00","880,00","880,00","-","-0,41%"
"27.03.2020","883,62","878,38","888,62","875,12","-","0,63%"
"26.03.2020","878,12","881,88","884,38","871,12","-","-0,48%"
"25.03.2020","882,38","883,38","896,62","880,62","-","-0,21%"
"24.03.2020","884,25","883,00","887,88","872,38","-","0,04%"
"23.03.2020","883,88","859,88","885,12","858,62","-","2,76%"
"22.03.2020","860,12","859,38","860,12","859,38","-","-0,38%"
"20.03.2020","863,38","847,00","864,62","846,75","-","1,86%"
"19.03.2020","847,62","829,75","855,62","825,12","-","2,03%"
"18.03.2020","830,75","825,50","838,38","822,38","-","0,67%"
"17.03.2020","825,25","824,88","832,50","822,12","-","0,08%"
"16.03.2020","824,62","843,00","854,62","821,12","-","-2,14%"
"15.03.2020","842,62","842,62","842,62","842,62","-","-0,56%"
"13.03.2020","847,38","856,88","871,88","845,50","-","-1,14%"
"12.03.2020","857,12","872,38","872,38","852,38","-","-1,72%"
"11.03.2020","872,12","876,38","883,62","871,75","-","-0,46%"
"10.03.2020","876,12","875,50","884,88","874,62","-","0,13%"
"09.03.2020","875,00","883,50","883,50","867,12","-","-0,89%"
"08.03.2020","882,88","882,88","882,88","882,88","-","-0,80%"
"06.03.2020","890,00","897,00","899,88","888,62","-","-0,78%"
"05.03.2020","897,00","907,25","912,25","894,88","-","-1,13%"
"04.03.2020","907,25","904,25","910,88","903,50","-","0,33%"
"03.03.2020","904,25","901,00","907,88","899,62","-","0,36%"
"02.03.2020","901,00","891,88","904,38","890,62","-","0,88%"
"28.02.2020","893,12","895,25","895,25","879,75","-","-0,24%"
"27.02.2020","895,25","891,00","896,88","878,62","-","0,48%"
"26.02.2020","891,00","888,25","898,88","885,12","-","0,31%"
"25.02.2020","888,25","883,75","888,88","881,38","-","0,51%"
"24.02.2020","883,75","895,88","895,88","879,38","-","-0,45%"
"21.02.2020","887,75","892,75","902,00","887,62","-","-0,56%"
"20.02.2020","892,75","897,50","897,88","891,38","-","-0,53%"
"19.02.2020","897,50","891,50","898,25","885,12","-","0,67%"
"18.02.2020","891,50","894,88","898,38","889,38","-","-0,11%"
"16.02.2020","892,50","892,62","892,62","892,50","-","-0,04%"
"14.02.2020","892,88","895,75","899,12","889,88","-","-0,32%"
"13.02.2020","895,75","892,00","899,62","888,62","-","0,42%"
"12.02.2020","892,00","885,00","892,88","881,62","-","0,79%"
"11.02.2020","885,00","885,00","888,62","878,12","-","0,00%"
"10.02.2020","885,00","883,62","889,75","879,62","-","0,27%"
"07.02.2020","882,62","883,00","884,88","876,38","-","-0,04%"
"06.02.2020","883,00","880,00","886,38","876,88","-","0,34%"
"05.02.2020","880,00","879,75","887,88","878,12","-","0,03%"
"04.02.2020","879,75","875,75","886,88","873,62","-","0,46%"
"03.02.2020","875,75","871,12","878,62","868,88","-","0,36%"
"31.01.2020","872,62","876,00","882,88","872,38","-","-0,39%"
"30.01.2020","876,00","892,75","893,88","875,88","-","-1,88%"
"29.01.2020","892,75","895,50","902,88","890,88","-","-0,31%"
"28.01.2020","895,50","897,50","897,50","889,00","-","-0,22%"
"27.01.2020","897,50","899,38","899,88","888,38","-","-0,51%"
"24.01.2020","902,12","908,75","909,12","900,62","-","-0,73%"
"23.01.2020","908,75","914,00","914,75","903,88","-","-0,57%"
"22.01.2020","914,00","915,50","921,88","913,38","-","-0,16%"
"21.01.2020","915,50","930,38","931,62","915,38","-","-1,48%"
"17.01.2020","929,25","924,50","933,62","920,12","-","0,51%"
"16.01.2020","924,50","929,50","930,38","922,00","-","-0,54%"
"15.01.2020","929,50","941,75","943,38","928,38","-","-1,30%"
"14.01.2020","941,75","941,25","948,38","938,62","-","0,05%"
"13.01.2020","941,25","948,38","948,62","938,62","-","-0,50%"
"10.01.2020","946,00","942,50","946,62","935,75","-","0,37%"
"09.01.2020","942,50","946,75","954,50","939,38","-","-0,45%"
"08.01.2020","946,75","944,00","950,62","938,12","-","0,29%"
"07.01.2020","944,00","932,50","944,38","930,38","-","1,23%"
"06.01.2020","932,50","929,00","936,62","928,62","-","0,53%"
"05.01.2020","927,62","928,75","928,75","927,62","-","-0,23%"
"03.01.2020","929,75","943,25","945,38","926,75","-","-1,43%"
"02.01.2020","943,25","939,62","949,12","936,12","-","-0,03%"
"01.01.2020","943,50","943,50","943,50","943,50","-","0,00%"
"31.12.2019","943,50","939,25","943,50","933,88","-","0,45%"
"30.12.2019","939,25","928,88","940,88","927,62","-","1,06%"
"29.12.2019","929,38","929,50","929,50","929,38","-","-0,05%"
"27.12.2019","929,88","937,50","941,38","928,88","-","-0,81%"
"26.12.2019","937,50","937,88","939,88","936,88","-","0,05%"
"25.12.2019","937,00","937,00","937,00","937,00","-","0,00%"
"24.12.2019","937,00","933,00","937,62","929,12","-","0,43%"
"23.12.2019","933,00","929,00","937,12","927,62","-","0,53%"
"20.12.2019","928,12","925,00","929,88","924,12","-","0,34%"
"19.12.2019","925,00","927,25","929,12","921,38","-","-0,24%"
"18.12.2019","927,25","927,75","929,88","923,38","-","-0,05%"
"17.12.2019","927,75","920,75","930,88","920,38","-","0,76%"
"16.12.2019","920,75","912,88","922,62","912,88","-","1,50%"
"13.12.2019","907,12","897,75","916,88","897,75","-","1,04%"
"12.12.2019","897,75","892,25","901,62","888,38","-","0,60%"
"11.12.2019","892,38","900,25","901,50","891,88","-","-0,87%"
"10.12.2019","900,25","897,25","902,12","896,38","-","0,33%"
"09.12.2019","897,25","891,62","903,38","889,88","-","1,31%"
"08.12.2019","885,62","886,12","886,12","885,62","-","-0,39%"
"06.12.2019","889,12","885,00","894,12","884,62","-","0,47%"
"05.12.2019","885,00","878,25","888,62","877,62","-","0,77%"
"04.12.2019","878,25","872,75","879,88","871,38","-","0,63%"
"03.12.2019","872,75","872,50","875,62","868,38","-","0,03%"
"02.12.2019","872,50","877,88","882,88","867,62","-","-0,47%"
"01.12.2019","876,62","876,62","876,62","876,62","-","0,00%"
"29.11.2019","876,62","884,62","884,62","876,12","-","-0,61%"
"27.11.2019","882,00","884,50","887,38","881,38","-","-0,28%"
"26.11.2019","884,50","892,25","894,88","882,88","-","-0,87%"
"25.11.2019","892,25","898,12","902,62","892,12","-","-0,38%"
"24.11.2019","895,62","895,75","895,75","895,62","-","-0,03%"
"22.11.2019","895,88","900,62","903,38","895,62","-","-0,49%"
"21.11.2019","900,25","904,50","909,12","900,25","-","-0,47%"
"20.11.2019","904,50","911,50","915,88","904,38","-","-0,77%"
"19.11.2019","911,50","910,25","917,12","910,12","-","0,14%"
"18.11.2019","910,25","919,12","921,62","910,12","-","-0,86%"
"15.11.2019","918,12","917,00","923,38","915,25","-","0,12%"
"14.11.2019","917,00","915,25","917,38","910,88","-","0,19%"
"13.11.2019","915,25","916,75","921,38","913,62","-","-0,16%"
"12.11.2019","916,75","917,12","919,88","915,12","-","-0,05%"
"11.11.2019","917,25","927,88","928,88","916,12","-","-1,40%"
"08.11.2019","930,25","936,25","938,62","926,62","-","-0,64%"
"07.11.2019","936,25","927,50","938,38","926,62","-","0,94%"
"06.11.2019","927,50","934,25","935,75","927,12","-","-0,72%"
"05.11.2019","934,25","938,00","940,88","932,12","-","-0,40%"
"04.11.2019","938,00","935,12","942,12","932,62","-","0,16%"
"01.11.2019","936,50","931,00","938,62","930,38","-","0,51%"
"31.10.2019","931,75","930,62","935,38","925,12","-","0,08%"
"30.10.2019","931,00","933,12","936,88","930,38","-","-0,16%"
"29.10.2019","932,50","935,62","940,12","931,12","-","-0,43%"
"28.10.2019","936,50","935,50","940,12","934,38","-","1,53%"
"25.10.2019","922,38","933,62","937,38","919,62","-","-1,24%"
"24.10.2019","934,00","933,75","938,88","932,88","-","-0,08%"
"23.10.2019","934,75","933,88","938,62","927,88","-","0,08%"
"22.10.2019","934,00","932,88","945,12","931,12","-","0,05%"
"21.10.2019","933,50","931,62","939,88","930,38","-","0,05%"
"20.10.2019","933,00","933,00","933,00","933,00","-","-0,09%"
"18.10.2019","933,88","930,88","938,62","930,75","-","0,31%"
"17.10.2019","931,00","927,88","940,62","927,38","-","0,27%"
"16.10.2019","928,50","932,75","938,38","927,62","-","-0,51%"
"15.10.2019","933,25","938,00","944,12","933,25","-","-0,69%"
"14.10.2019","939,75","941,62","945,38","930,62","-","0,57%"
"11.10.2019","934,38","924,12","939,12","923,62","-","1,29%"
"10.10.2019","922,50","919,38","933,62","918,88","-","0,03%"
"09.10.2019","922,25","918,88","931,38","918,50","-","0,33%"
"08.10.2019","919,25","915,62","923,62","910,50","-","0,38%"
"07.10.2019","915,75","917,12","919,62","911,62","-","0,00%"
"04.10.2019","915,75","911,38","921,12","909,62","-","0,44%"
"03.10.2019","911,75","912,75","918,62","908,12","-","-0,14%"
"02.10.2019","913,00","916,88","918,62","911,88","-","-0,57%"
"01.10.2019","918,25","904,12","919,88","903,38","-","1,55%"
"30.09.2019","904,25","884,62","906,62","883,88","-","2,41%"
"27.09.2019","883,00","887,88","889,12","881,62","-","-0,54%"
"26.09.2019","887,75","888,12","895,38","886,88","-","-0,08%"
"25.09.2019","888,50","893,88","897,50","885,38","-","-0,53%"
"24.09.2019","893,25","892,38","898,88","890,62","-","0,22%"
"23.09.2019","891,25","882,88","899,12","882,88","-","1,01%"
"20.09.2019","882,38","893,00","893,38","880,88","-","-1,24%"
"19.09.2019","893,50","889,38","894,88","886,38","-","0,51%"
"18.09.2019","889,00","895,75","896,88","886,88","-","-0,64%"
"17.09.2019","894,75","899,75","900,00","888,62","-","-0,50%"
"16.09.2019","899,25","904,12","904,12","894,38","-","0,11%"
"13.09.2019","898,25","894,62","903,38","893,12","-","0,39%"
"12.09.2019","894,75","871,88","895,62","869,25","-","3,14%"
"11.09.2019","867,50","872,88","873,12","864,12","-","-0,54%"
"10.09.2019","872,25","859,62","874,62","857,38","-","1,69%"
"09.09.2019","857,75","858,12","861,12","851,12","-","0,03%"
"08.09.2019","857,50","857,50","857,50","857,50","-","0,00%"
"06.09.2019","857,50","863,00","866,38","856,12","-","-0,49%"
"05.09.2019","861,75","875,12","878,62","858,38","-","-1,46%"
"04.09.2019","874,50","867,25","879,38","864,38","-","0,87%"
"03.09.2019","867,00","866,38","869,12","859,38","-","-0,14%"
"30.08.2019","868,25","868,38","877,62","867,12","-","0,00%"
"29.08.2019","868,25","865,62","872,88","865,12","-","0,35%"
"28.08.2019","865,25","859,38","867,62","852,62","-","0,73%"
"27.08.2019","859,00","865,62","865,88","856,12","-","-0,75%"
"26.08.2019","865,50","855,88","870,38","855,88","-","1,21%"
"23.08.2019","855,12","868,38","872,00","855,12","-","-1,51%"
"22.08.2019","868,25","873,62","881,88","867,88","-","-0,49%"
"21.08.2019","872,50","869,12","876,62","867,12","-","0,46%"
"20.08.2019","868,50","869,38","874,62","865,88","-","0,23%"
"19.08.2019","866,50","874,75","877,62","864,62","-","-1,41%"
"18.08.2019","878,88","878,88","878,88","878,88","-","0,00%"
"16.08.2019","878,88","871,12","880,38","870,88","-","0,93%"
"15.08.2019","870,75","878,88","884,88","870,38","-","-0,88%"
"14.08.2019","878,50","890,00","893,50","877,38","-","-1,32%"
"13.08.2019","890,25","878,12","896,62","875,75","-","1,28%"
"12.08.2019","879,00","891,62","891,88","876,12","-","-1,61%"
"09.08.2019","893,38","883,12","894,38","881,62","-","1,06%"
"08.08.2019","884,00","867,50","884,62","865,12","-","1,93%"
"07.08.2019","867,25","865,88","869,12","862,12","-","0,14%"
"06.08.2019","866,00","866,62","872,62","864,62","-","-0,20%"
"05.08.2019","867,75","870,62","872,88","854,62","-","-0,27%"
"04.08.2019","870,12","870,12","870,12","870,12","-","0,00%"
"02.08.2019","870,12","867,62","872,12","862,88","-","0,45%"
"01.08.2019","866,25","880,75","881,88","860,12","-","-1,59%"
"31.07.2019","880,25","895,75","899,88","880,12","-","-1,62%"
"30.07.2019","894,75","903,25","905,38","889,62","-","-1,02%"
"29.07.2019","904,00","899,50","908,75","899,38","-","0,54%"
"26.07.2019","899,12","901,12","906,62","898,50","-","-0,04%"
"25.07.2019","899,50","908,62","913,12","898,12","-","-0,80%"
"24.07.2019","906,75","903,38","912,62","901,62","-","0,39%"
"23.07.2019","903,25","907,88","910,38","898,62","-","-0,25%"
"22.07.2019","905,50","919,88","921,88","905,12","-","-1,48%"
"19.07.2019","919,12","900,12","923,88","897,38","-","2,07%"
"18.07.2019","900,50","898,25","903,38","893,12","-","0,06%"
"17.07.2019","900,00","905,88","912,38","899,62","-","-0,61%"
"16.07.2019","905,50","916,88","917,25","902,62","-","-1,60%"
"15.07.2019","920,25","934,38","936,38","918,62","-","-1,23%"
"12.07.2019","931,75","917,38","932,25","913,25","-","1,66%"
"11.07.2019","916,50","912,00","917,62","908,25","-","0,52%"
"10.07.2019","911,75","904,38","913,38","899,38","-","0,83%"
"09.07.2019","904,25","898,62","904,62","890,38","-","0,89%"
"08.07.2019","896,25","899,25","902,38","891,88","-","2,36%"
"05.07.2019","875,62","888,25","889,25","874,62","-","-1,52%"
"03.07.2019","889,12","880,38","890,12","877,00","-","1,04%"
"02.07.2019","880,00","890,88","894,50","879,38","-","-0,98%"
"01.07.2019","888,75","915,12","915,12","888,25","-","0,78%"
"30.06.2019","881,88","881,50","881,88","881,50","-","-2,51%"
"28.06.2019","904,62","893,12","911,62","893,12","-","1,22%"
"27.06.2019","893,75","899,25","903,75","889,50","-","-0,64%"
"26.06.2019","899,50","907,38","907,38","899,12","-","-0,96%"
"25.06.2019","908,25","921,00","923,00","905,75","-","-0,63%"
"24.06.2019","914,00","906,62","917,12","905,50","-","1,18%"
"21.06.2019","903,38","914,88","917,12","902,62","-","-1,19%"
"20.06.2019","914,25","900,38","917,38","896,62","-","1,30%"
"19.06.2019","902,50","912,25","913,38","901,62","-","-1,04%"
"18.06.2019","912,00","918,88","921,38","902,75","-","0,19%"
"17.06.2019","910,25","901,62","913,88","901,62","-","1,51%"
"14.06.2019","896,75","887,38","898,12","885,12","-","1,07%"
"13.06.2019","887,25","878,00","888,88","878,00","-","1,00%"
"12.06.2019","878,50","857,75","883,12","853,12","-","2,42%"
"11.06.2019","857,75","855,62","863,38","850,62","-","-0,26%"
"10.06.2019","860,00","853,00","866,12","848,38","-","0,53%"
"07.06.2019","855,50","868,25","871,38","855,12","-","-1,50%"
"06.06.2019","868,50","869,75","872,38","857,75","-","-0,14%"
"05.06.2019","869,75","881,75","882,62","868,38","-","-1,16%"
"04.06.2019","880,00","892,12","894,50","878,75","-","0,34%"
"03.06.2019","877,00","876,12","886,38","873,88","-","-0,14%"
"31.05.2019","878,25","889,00","890,62","876,62","-","-1,01%"
"30.05.2019","887,25","871,38","889,12","863,88","-","1,98%"
"29.05.2019","870,00","866,62","892,62","863,50","-","1,61%"
"28.05.2019","856,25","839,25","858,12","837,62","-","3,27%"
"24.05.2019","829,12","821,38","831,38","820,12","-","1,02%"
"23.05.2019","820,75","828,38","832,75","817,38","-","-1,05%"
"22.05.2019","829,50","821,25","834,88","819,50","-","1,00%"
"21.05.2019","821,25","839,50","846,38","819,38","-","-1,20%"
"20.05.2019","831,25","828,88","838,88","824,88","-","1,25%"
"17.05.2019","821,00","840,38","841,88","820,75","-","-2,32%"
"16.05.2019","840,50","835,25","844,88","834,00","-","0,63%"
"15.05.2019","835,25","832,62","848,12","827,12","-","0,66%"
"14.05.2019","829,75","806,88","837,88","805,88","-","3,27%"
"13.05.2019","803,50","804,00","807,00","791,38","-","-0,60%"
"10.05.2019","808,38","813,00","818,62","806,25","-","-0,32%"
"09.05.2019","811,00","826,12","826,12","806,88","-","-1,73%"
"08.05.2019","825,25","830,62","834,88","824,88","-","-0,69%"
"07.05.2019","831,00","829,38","836,38","827,12","-","0,00%"
"06.05.2019","831,00","827,88","833,88","817,12","-","-1,20%"
"03.05.2019","841,12","844,25","848,12","840,75","-","-0,16%"
"02.05.2019","842,50","852,88","853,50","842,12","-","-1,09%"
"01.05.2019","851,75","853,62","857,62","844,38","-","-0,32%"
"30.04.2019","854,50","861,38","864,62","851,38","-","-0,81%"
"29.04.2019","861,50","868,25","872,88","860,62","-","0,97%"
"26.04.2019","853,25","858,75","859,88","852,75","-","-0,55%"
"25.04.2019","858,00","854,88","862,62","853,62","-","0,32%"
"24.04.2019","855,25","862,75","865,25","854,62","-","-0,81%"
"23.04.2019","862,25","877,12","878,62","860,88","-","-1,74%"
"22.04.2019","877,50","881,12","883,12","876,38","-","-0,37%"
"19.04.2019","880,75","880,75","880,75","880,75","-","-0,01%"
"18.04.2019","880,88","879,12","881,88","876,62","-","0,27%"
"17.04.2019","878,50","887,88","890,38","878,50","-","-1,04%"
"16.04.2019","887,75","898,38","899,12","886,38","-","-1,20%"
"15.04.2019","898,50","895,12","901,88","894,88","-","0,35%"
"12.04.2019","895,38","895,00","898,62","894,12","-","-0,04%"
"11.04.2019","895,75","901,50","903,88","893,38","-","-0,72%"
"10.04.2019","902,25","898,75","903,88","897,38","-","0,39%"
"09.04.2019","898,75","898,50","902,00","894,88","-","-0,03%"
"08.04.2019","899,00","899,12","903,62","897,88","-","0,04%"
"05.04.2019","898,62","904,25","904,62","896,38","-","-0,79%"
"04.04.2019","905,75","898,50","907,12","897,00","-","0,75%"
"03.04.2019","899,00","899,62","902,88","894,88","-","-0,08%"
"02.04.2019","899,75","895,75","901,12","892,62","-","0,36%"
"01.04.2019","896,50","883,88","898,88","883,88","-","1,43%"
"29.03.2019","883,88","888,88","892,50","883,12","-","-0,60%"
"28.03.2019","889,25","887,88","891,62","886,62","-","0,14%"
"27.03.2019","888,00","900,25","900,62","886,12","-","-1,42%"
"26.03.2019","900,75","905,75","907,38","899,62","-","-0,63%"
"25.03.2019","906,50","903,88","908,12","901,62","-","0,26%"
"22.03.2019","904,12","909,88","911,88","903,12","-","-0,70%"
"21.03.2019","910,50","905,62","911,88","903,62","-","0,58%"
"20.03.2019","905,25","902,88","906,25","899,38","-","0,19%"
"19.03.2019","903,50","905,88","909,38","900,12","-","-0,22%"
"18.03.2019","905,50","909,88","911,38","901,88","-","-0,43%"
"15.03.2019","909,38","899,38","910,62","898,12","-","1,15%"
"14.03.2019","899,00","901,12","906,12","895,62","-","-0,28%"
"13.03.2019","901,50","896,12","903,12","892,38","-","0,56%"
"12.03.2019","896,50","890,12","899,88","887,88","-","0,73%"
"11.03.2019","890,00","897,88","898,88","889,62","-","-0,57%"
"08.03.2019","895,12","901,50","904,62","892,38","-","-0,71%"
"07.03.2019","901,50","902,00","907,38","898,38","-","-0,06%"
"06.03.2019","902,00","913,75","916,12","901,12","-","-1,29%"
"05.03.2019","913,75","916,25","918,38","909,12","-","-0,27%"
"04.03.2019","916,25","914,88","924,38","913,12","-","0,62%"
"01.03.2019","910,62","910,00","917,88","900,62","-","0,07%"
"28.02.2019","910,00","916,50","918,12","909,88","-","-0,71%"
"27.02.2019","916,50","917,50","923,12","913,62","-","-0,11%"
"26.02.2019","917,50","924,00","924,00","912,38","-","-0,70%"
"25.02.2019","924,00","930,88","934,38","923,75","-","1,51%"
"22.02.2019","910,25","910,75","914,75","907,62","-","-0,05%"
"21.02.2019","910,75","902,25","916,12","900,00","-","0,89%"
"20.02.2019","902,75","901,75","904,88","893,12","-","0,11%"
"19.02.2019","901,75","907,25","911,12","894,88","-","-0,63%"
"18.02.2019","907,50","907,75","907,75","907,50","-","-0,03%"
"17.02.2019","907,75","907,50","907,75","907,50","-","0,01%"
"15.02.2019","907,62","905,75","909,38","901,38","-","0,21%"
"14.02.2019","905,75","917,50","918,12","903,12","-","-1,27%"
"13.02.2019","917,38","917,50","919,88","913,88","-","-0,01%"
"12.02.2019","917,50","905,75","919,62","905,75","-","1,30%"
"11.02.2019","905,75","914,25","918,88","903,62","-","-0,93%"
"10.02.2019","914,25","914,75","914,75","913,25","-","-0,25%"
"08.02.2019","916,50","913,12","917,62","908,12","-","0,38%"
"07.02.2019","913,00","921,25","921,38","910,62","-","-0,90%"
"06.02.2019","921,25","919,88","922,38","917,62","-","0,11%"
"05.02.2019","920,25","919,00","920,88","913,62","-","0,14%"
"04.02.2019","919,00","917,50","923,62","915,62","-","0,16%"
"03.02.2019","917,50","917,50","917,50","917,50","-","0,01%"
"01.02.2019","917,38","915,75","931,00","915,75","-","0,18%"
"31.01.2019","915,75","920,00","926,62","913,38","-","-0,46%"
"30.01.2019","920,00","919,50","923,88","917,38","-","0,05%"
"29.01.2019","919,50","923,00","923,00","916,88","-","-0,38%"
"28.01.2019","923,00","920,25","924,88","915,88","-","0,27%"
"27.01.2019","920,50","922,50","923,00","920,50","-","-0,31%"
"25.01.2019","923,38","916,25","925,88","913,38","-","0,78%"
"24.01.2019","916,25","915,12","919,38","909,62","-","0,14%"
"23.01.2019","915,00","911,00","918,12","910,00","-","0,52%"
"22.01.2019","910,25","915,00","919,38","899,88","-","-0,41%"
"21.01.2019","914,00","916,25","916,25","914,00","-","-0,11%"
"20.01.2019","915,00","915,00","915,00","915,00","-","-0,01%"
"18.01.2019","915,12","907,75","920,12","905,88","-","0,90%"
"17.01.2019","907,00","894,75","911,88","894,38","-","1,40%"
"16.01.2019","894,50","893,50","899,88","891,12","-","0,14%"
"15.01.2019","893,25","903,25","907,88","892,62","-","-1,13%"
"14.01.2019","903,50","910,25","911,00","901,62","-","-0,77%"
"11.01.2019","910,50","907,25","912,25","907,00","-","0,36%"
"10.01.2019","907,25","923,50","924,50","905,75","-","-1,79%"
"09.01.2019","923,75","918,50","926,38","917,50","-","0,57%"
"08.01.2019","918,50","923,25","925,62","914,62","-","-0,49%"
"07.01.2019","923,00","921,00","927,62","921,00","-","0,24%"
"06.01.2019","920,75","921,00","922,25","919,00","-","-0,15%"
"04.01.2019","922,12","910,50","922,38","910,25","-","1,28%"
"03.01.2019","910,50","905,25","913,25","904,25","-","0,41%"
"02.01.2019","906,75","894,00","910,50","892,25","-","1,43%"
"31.12.2018","894,00","893,25","901,75","892,00","-","1,27%"
"28.12.2018","882,75","868,00","886,38","868,00","-","1,47%"
"27.12.2018","870,00","870,50","875,75","867,00","-","-0,06%"
"26.12.2018","870,50","884,38","888,75","869,00","-","-1,55%"
"24.12.2018","884,25","881,12","886,50","879,50","-","0,11%"
"21.12.2018","883,25","895,50","895,50","883,25","-","-1,37%"
"20.12.2018","895,50","899,50","905,25","892,75","-","-0,39%"
"19.12.2018","899,00","906,88","909,88","899,00","-","-0,85%"
"18.12.2018","906,75","905,00","912,25","902,25","-","0,19%"
"17.12.2018","905,00","899,00","909,12","899,00","-","0,72%"
"16.12.2018","898,50","898,50","898,50","898,50","-","-0,19%"
"14.12.2018","900,25","906,00","910,12","900,00","-","-0,77%"
"13.12.2018","907,25","919,00","919,88","905,00","-","-1,22%"
"12.12.2018","918,50","914,75","928,00","914,00","-","0,49%"
"11.12.2018","914,00","906,00","917,12","906,00","-","0,55%"
"10.12.2018","909,00","914,00","916,38","908,50","-","-0,36%"
"09.12.2018","912,25","914,75","915,00","912,25","-","-0,41%"
"07.12.2018","916,00","909,75","917,88","907,50","-","0,69%"
"06.12.2018","909,75","911,50","912,00","897,00","-","-0,22%"
"05.12.2018","911,75","910,50","916,75","908,50","-","0,14%"
"04.12.2018","910,50","904,75","913,00","899,50","-","0,64%"
"03.12.2018","904,75","919,25","923,25","904,50","-","1,29%"
"30.11.2018","893,25","888,75","896,50","886,50","-","0,51%"
"29.11.2018","888,75","890,75","894,00","882,50","-","-0,22%"
"28.11.2018","890,75","877,00","894,75","874,00","-","1,57%"
"27.11.2018","877,00","862,50","880,00","858,25","-","1,68%"
"26.11.2018","862,50","881,00","883,00","857,25","-","-2,07%"
"23.11.2018","880,75","884,50","884,50","880,00","-","-0,42%"
"22.11.2018","884,50","884,50","884,50","884,50","-","0,00%"
"21.11.2018","884,50","881,25","889,00","876,00","-","0,37%"
"20.11.2018","881,25","874,00","885,75","870,75","-","0,83%"
"19.11.2018","874,00","891,50","891,50","871,50","-","-2,07%"
"16.11.2018","892,50","889,00","894,75","881,75","-","0,39%"
"15.11.2018","889,00","883,00","897,25","883,00","-","0,68%"
"14.11.2018","883,00","878,25","887,25","878,25","-","0,54%"
"13.11.2018","878,25","881,50","890,75","877,25","-","-0,37%"
"12.11.2018","881,50","886,00","887,00","879,50","-","-0,51%"
"09.11.2018","886,00","879,00","888,50","874,00","-","0,80%"
"08.11.2018","879,00","879,50","884,00","864,50","-","-0,06%"
"07.11.2018","879,50","884,75","888,00","876,75","-","-0,59%"
"06.11.2018","884,75","885,50","889,00","878,50","-","-0,08%"
"05.11.2018","885,50","886,75","892,75","881,75","-","-0,14%"
"04.11.2018","886,75","886,75","886,75","886,75","-","0,00%"
"02.11.2018","886,75","880,50","900,75","878,75","-","0,68%"
"01.11.2018","880,75","849,75","888,50","845,75","-","3,62%"
"31.10.2018","850,00","846,00","855,00","844,75","-","0,44%"
"30.10.2018","846,25","851,75","855,00","846,00","-","-0,65%"
"29.10.2018","851,75","859,75","865,50","850,50","-","-0,90%"
"28.10.2018","859,50","858,50","859,75","858,50","-","1,75%"
"26.10.2018","844,75","841,00","849,25","841,00","-","0,45%"
"25.10.2018","841,00","850,00","850,75","840,00","-","-1,15%"
"24.10.2018","850,75","855,75","856,75","850,00","-","-0,58%"
"23.10.2018","855,75","856,50","862,75","851,25","-","-0,12%"
"22.10.2018","856,75","856,25","862,75","855,75","-","0,06%"
"21.10.2018","856,25","855,75","856,25","855,50","-","0,00%"
"19.10.2018","856,25","865,75","866,25","856,25","-","-1,04%"
"18.10.2018","865,25","882,75","883,75","862,75","-","-1,95%"
"17.10.2018","882,50","883,00","889,75","882,00","-","0,00%"
"16.10.2018","882,50","890,75","891,00","879,25","-","-0,93%"
"15.10.2018","890,75","867,50","892,00","863,50","-","2,68%"
"14.10.2018","867,50","867,00","867,50","867,00","-","0,00%"
"12.10.2018","867,50","859,75","868,00","858,75","-","0,90%"
"11.10.2018","859,75","851,25","863,50","847,00","-","0,91%"
"10.10.2018","852,00","862,50","864,75","847,25","-","-1,22%"
"09.10.2018","862,50","869,50","872,50","859,50","-","-0,78%"
"08.10.2018","869,25","872,25","874,75","862,75","-","-0,32%"
"07.10.2018","872,00","872,25","872,75","871,75","-","0,32%"
"05.10.2018","869,25","859,75","870,25","851,50","-","1,13%"
"04.10.2018","859,50","860,50","868,25","858,50","-","-0,12%"
"03.10.2018","860,50","866,75","870,25","860,50","-","-0,72%"
"02.10.2018","866,75","855,50","867,25","853,00","-","1,32%"
"01.10.2018","855,50","845,50","864,00","843,00","-","1,18%"
"30.09.2018","845,50","845,00","845,50","845,00","-","0,15%"
"28.09.2018","844,25","853,75","859,25","842,00","-","-1,20%"
"27.09.2018","854,50","847,75","859,00","846,50","-","0,80%"
"26.09.2018","847,75","846,50","854,00","846,00","-","0,15%"
"25.09.2018","846,50","841,25","858,00","837,25","-","0,65%"
"24.09.2018","841,00","843,50","845,25","838,50","-","-0,30%"
"23.09.2018","843,50","844,50","844,50","843,50","-","-0,74%"
"21.09.2018","849,75","846,25","849,75","841,25","-","0,38%"
"20.09.2018","846,50","830,00","854,75","825,25","-","1,99%"
"19.09.2018","830,00","814,50","831,75","813,50","-","1,93%"
"18.09.2018","814,25","821,50","825,25","812,25","-","-0,85%"
"17.09.2018","821,25","827,50","829,75","820,75","-","-0,88%"
"16.09.2018","828,50","827,75","828,50","827,50","-","-0,24%"
"14.09.2018","830,50","835,25","838,00","829,50","-","-0,42%"
"13.09.2018","834,00","839,25","846,25","832,00","-","-0,54%"
"12.09.2018","838,50","831,25","844,00","821,25","-","0,84%"
"11.09.2018","831,50","847,00","849,50","830,75","-","-1,80%"
"10.09.2018","846,75","842,50","851,25","840,50","-","0,50%"
"09.09.2018","842,50","841,75","842,50","841,25","-","-0,30%"
"07.09.2018","845,00","838,25","847,00","835,25","-","0,78%"
"06.09.2018","838,50","838,75","842,75","834,75","-","-0,03%"
"05.09.2018","838,75","845,25","849,25","837,25","-","-0,74%"
"04.09.2018","845,00","846,75","851,25","837,00","-","-0,12%"
"03.09.2018","846,00","845,50","846,50","845,50","-","0,06%"
"31.08.2018","845,50","829,50","846,25","829,00","-","1,93%"
"30.08.2018","829,50","836,00","844,50","829,00","-","-0,84%"
"29.08.2018","836,50","833,75","843,75","832,00","-","0,33%"
"28.08.2018","833,75","847,75","850,25","833,00","-","-1,59%"
"27.08.2018","847,25","851,00","853,25","838,25","-","-0,91%"
"24.08.2018","855,00","854,50","860,50","853,50","-","0,06%"
"23.08.2018","854,50","867,75","873,50","853,75","-","-1,53%"
"22.08.2018","867,75","885,00","885,25","867,75","-","-1,95%"
"21.08.2018","885,00","888,75","894,50","884,50","-","-0,34%"
"20.08.2018","888,00","903,00","906,00","888,00","-","0,20%"
"17.08.2018","886,25","886,50","887,50","871,00","-","0,08%"
"16.08.2018","885,50","859,00","888,25","854,75","-","3,08%"
"15.08.2018","859,00","870,75","872,25","856,50","-","-1,12%"
"14.08.2018","868,75","855,75","869,25","853,25","-","1,67%"
"13.08.2018","854,50","846,00","859,25","839,75","-","0,53%"
"10.08.2018","850,00","892,75","892,75","849,75","-","-4,79%"
"09.08.2018","892,75","898,50","903,50","891,50","-","-0,78%"
"08.08.2018","899,75","893,00","903,00","888,00","-","0,78%"
"07.08.2018","892,75","887,75","897,50","885,75","-","0,56%"
"06.08.2018","887,75","890,50","892,50","877,00","-","-0,53%"
"03.08.2018","892,50","887,75","893,00","873,25","-","0,48%"
"02.08.2018","888,25","887,75","893,00","876,00","-","0,06%"
"01.08.2018","887,75","901,00","904,25","887,50","-","-1,55%"
"31.07.2018","901,75","881,00","911,50","878,50","-","2,36%"
"30.07.2018","881,00","884,25","886,25","876,25","-","1,24%"
"27.07.2018","870,25","859,00","873,75","859,00","-","1,28%"
"26.07.2018","859,25","873,00","881,00","858,25","-","-1,52%"
"25.07.2018","872,50","859,25","872,50","852,00","-","1,54%"
"24.07.2018","859,25","845,25","862,75","842,50","-","1,63%"
"23.07.2018","845,50","853,25","854,50","845,50","-","-0,56%"
"22.07.2018","850,25","850,25","850,25","850,25","-","0,00%"
"20.07.2018","850,25","848,00","853,25","841,25","-","0,24%"
"19.07.2018","848,25","843,00","848,25","836,75","-","0,65%"
"18.07.2018","842,75","840,00","847,25","835,00","-","0,39%"
"17.07.2018","839,50","835,50","843,50","830,25","-","0,57%"
"16.07.2018","834,75","817,75","838,00","810,75","-","1,92%"
"13.07.2018","819,00","837,50","837,75","811,75","-","-2,24%"
"12.07.2018","837,75","836,25","841,25","822,25","-","0,18%"
"11.07.2018","836,25","849,50","850,50","831,75","-","-1,44%"
"10.07.2018","848,50","855,00","865,00","846,75","-","-0,82%"
"09.07.2018","855,50","875,50","879,50","850,50","-","-2,51%"
"06.07.2018","877,50","839,25","880,75","837,00","-","4,56%"
"05.07.2018","839,25","847,75","850,75","837,75","-","-1,06%"
"03.07.2018","848,25","855,75","857,50","847,00","-","-0,88%"
"02.07.2018","855,75","865,25","868,00","850,50","-","-0,81%"
"29.06.2018","862,75","868,75","881,75","862,50","-","-0,72%"
"28.06.2018","869,00","870,75","875,00","865,25","-","-0,34%"
"27.06.2018","872,00","871,75","883,50","871,25","-","0,00%"
"26.06.2018","872,00","880,00","886,25","868,00","-","-0,85%"
"25.06.2018","879,50","901,25","904,25","876,75","-","-1,90%"
"22.06.2018","896,50","882,75","897,50","880,00","-","1,67%"
"21.06.2018","881,75","890,50","891,25","878,25","-","-1,01%"
"20.06.2018","890,75","892,50","895,25","877,00","-","-0,20%"
"19.06.2018","892,50","904,00","905,75","842,50","-","-1,35%"
"18.06.2018","904,75","905,25","914,00","897,50","-","0,06%"
"15.06.2018","904,25","925,25","929,50","903,00","-","-2,27%"
"14.06.2018","925,25","934,25","937,75","924,00","-","-0,96%"
"13.06.2018","934,25","956,00","958,25","934,25","-","-2,20%"
"12.06.2018","955,25","955,75","963,25","952,00","-","-0,10%"
"11.06.2018","956,25","967,00","972,25","953,25","-","-1,34%"
"08.06.2018","969,25","975,00","976,25","962,75","-","-0,62%"
"07.06.2018","975,25","995,50","998,25","973,00","-","-2,03%"
"06.06.2018","995,50","1.004,75","1.008,25","993,75","-","-0,95%"
"05.06.2018","1.005,00","1.002,25","1.006,50","997,25","-","0,27%"
"04.06.2018","1.002,25","1.013,00","1.014,50","1.001,25","-","-2,15%"
"01.06.2018","1.024,25","1.021,50","1.026,50","1.015,00","-","0,27%"
"31.05.2018","1.021,50","1.024,75","1.030,50","1.014,25","-","-0,24%"
"30.05.2018","1.024,00","1.028,75","1.031,75","1.015,00","-","-0,51%"
"29.05.2018","1.029,25","1.045,75","1.049,50","1.028,00","-","-1,58%"
"28.05.2018","1.045,75","1.045,50","1.045,75","1.045,50","-","0,36%"
"25.05.2018","1.042,00","1.035,75","1.044,00","1.035,50","-","0,60%"
"24.05.2018","1.035,75","1.039,25","1.050,75","1.035,50","-","-0,34%"
"23.05.2018","1.039,25","1.030,75","1.039,75","1.027,75","-","0,87%"
"22.05.2018","1.030,25","1.022,25","1.035,75","1.020,25","-","0,73%"
"21.05.2018","1.022,75","1.016,75","1.027,00","1.011,75","-","2,48%"
"20.05.2018","998,00","998,00","998,00","998,00","-","0,00%"
"18.05.2018","998,00","997,00","1.007,50","993,25","-","0,08%"
"17.05.2018","997,25","1.000,75","1.007,25","992,50","-","-0,35%"
"16.05.2018","1.000,75","1.018,00","1.018,50","998,75","-","-1,69%"
"15.05.2018","1.018,00","1.017,25","1.025,25","1.005,25","-","0,07%"
"14.05.2018","1.017,25","1.002,75","1.025,75","1.002,00","-","1,52%"
"11.05.2018","1.002,00","1.021,50","1.022,25","1.002,00","-","-1,88%"
"10.05.2018","1.021,25","1.018,00","1.033,25","1.014,25","-","0,32%"
"09.05.2018","1.018,00","1.022,50","1.023,75","1.011,25","-","-0,39%"
"08.05.2018","1.022,00","1.013,50","1.023,25","1.011,25","-","0,84%"
"07.05.2018","1.013,50","1.034,50","1.040,00","1.011,00","-","-2,08%"
"06.05.2018","1.035,00","1.035,00","1.035,00","1.035,00","-","-0,14%"
"04.05.2018","1.036,50","1.049,50","1.052,50","1.036,25","-","-1,26%"
"03.05.2018","1.049,75","1.042,00","1.055,50","1.034,00","-","0,70%"
"02.05.2018","1.042,50","1.054,50","1.054,75","1.039,75","-","-1,16%"
"01.05.2018","1.054,75","1.049,00","1.055,25","1.041,00","-","0,55%"
"30.04.2018","1.049,00","1.058,00","1.067,50","1.047,00","-","0,33%"
"27.04.2018","1.045,50","1.029,50","1.046,75","1.019,00","-","1,70%"
"26.04.2018","1.028,00","1.028,50","1.034,50","1.024,00","-","-0,02%"
"25.04.2018","1.028,25","1.023,25","1.033,25","1.020,50","-","0,54%"
"24.04.2018","1.022,75","1.020,75","1.026,25","1.016,25","-","0,20%"
"23.04.2018","1.020,75","1.026,75","1.033,25","1.017,25","-","-0,85%"
"22.04.2018","1.029,50","1.029,50","1.029,50","1.029,50","-","0,00%"
"20.04.2018","1.029,50","1.036,75","1.038,50","1.027,75","-","-0,70%"
"19.04.2018","1.036,75","1.041,50","1.044,75","1.032,75","-","-0,48%"
"18.04.2018","1.041,75","1.046,25","1.052,50","1.039,25","-","-0,41%"
"17.04.2018","1.046,00","1.043,25","1.049,00","1.040,25","-","0,31%"
"16.04.2018","1.042,75","1.054,75","1.058,75","1.041,50","-","-0,90%"
"13.04.2018","1.052,25","1.060,50","1.067,25","1.051,75","-","-0,78%"
"12.04.2018","1.060,50","1.047,75","1.061,75","1.047,50","-","1,22%"
"11.04.2018","1.047,75","1.051,00","1.058,50","1.047,25","-","-0,26%"
"10.04.2018","1.050,50","1.046,25","1.063,00","1.045,00","-","0,36%"
"09.04.2018","1.046,75","1.039,00","1.056,75","1.038,75","-","1,16%"
"06.04.2018","1.034,75","1.012,00","1.037,00","1.005,25","-","2,60%"
"05.04.2018","1.008,50","1.015,75","1.034,00","1.004,75","-","-0,66%"
"04.04.2018","1.015,25","1.038,75","1.041,50","983,50","-","-2,26%"
"03.04.2018","1.038,75","1.035,75","1.048,75","1.035,75","-","0,22%"
"02.04.2018","1.036,50","1.046,00","1.060,50","1.035,25","-","-0,79%"
"29.03.2018","1.044,75","1.020,25","1.050,50","1.012,50","-","2,45%"
"28.03.2018","1.019,75","1.019,00","1.023,25","1.015,25","-","0,07%"
"27.03.2018","1.019,00","1.026,75","1.031,00","1.017,25","-","-0,80%"
"26.03.2018","1.027,25","1.026,50","1.040,25","1.025,25","-","-0,05%"
"23.03.2018","1.027,75","1.026,75","1.034,25","1.009,25","-","-0,12%"
"22.03.2018","1.029,00","1.032,00","1.035,50","1.022,25","-","-0,07%"
"21.03.2018","1.029,75","1.029,50","1.037,25","1.025,00","-","0,19%"
"20.03.2018","1.027,75","1.022,75","1.029,75","1.022,25","-","0,49%"
"19.03.2018","1.022,75","1.045,25","1.045,25","1.022,00","-","-2,39%"
"16.03.2018","1.047,75","1.042,00","1.050,00","1.040,75","-","0,65%"
"15.03.2018","1.041,00","1.031,00","1.046,00","1.027,75","-","0,97%"
"14.03.2018","1.031,00","1.048,75","1.054,00","1.031,00","-","-1,67%"
"13.03.2018","1.048,50","1.042,00","1.052,00","1.041,75","-","0,67%"
"12.03.2018","1.041,50","1.036,25","1.044,75","1.032,00","-","0,46%"
"09.03.2018","1.036,75","1.062,00","1.065,00","1.036,75","-","-2,38%"
"08.03.2018","1.062,00","1.063,50","1.069,25","1.056,75","-","-0,14%"
"07.03.2018","1.063,50","1.074,75","1.077,25","1.063,00","-","-1,05%"
"06.03.2018","1.074,75","1.076,75","1.077,75","1.070,25","-","-0,19%"
"05.03.2018","1.076,75","1.073,50","1.079,25","1.066,50","-","0,63%"
"02.03.2018","1.070,00","1.067,75","1.082,50","1.063,75","-","0,23%"
"01.03.2018","1.067,50","1.055,00","1.068,50","1.050,75","-","1,18%"
"28.02.2018","1.055,00","1.049,00","1.059,00","1.046,25","-","0,57%"
"27.02.2018","1.049,00","1.046,25","1.055,75","1.043,75","-","0,26%"
"26.02.2018","1.046,25","1.051,25","1.059,50","1.045,75","-","0,89%"
"23.02.2018","1.037,00","1.031,50","1.039,50","1.028,50","-","0,53%"
"22.02.2018","1.031,50","1.034,00","1.037,00","1.027,25","-","-0,24%"
"21.02.2018","1.034,00","1.025,75","1.038,25","1.019,25","-","0,80%"
"20.02.2018","1.025,75","1.021,25","1.039,00","1.021,25","-","0,44%"
"19.02.2018","1.021,25","1.021,25","1.021,25","1.021,25","-","0,00%"
"18.02.2018","1.021,25","1.021,25","1.021,25","1.021,25","-","0,00%"
"16.02.2018","1.021,25","1.024,00","1.028,25","1.013,00","-","-0,27%"
"15.02.2018","1.024,00","1.017,00","1.024,50","1.015,75","-","0,69%"
"14.02.2018","1.017,00","1.010,75","1.019,50","1.006,00","-","0,62%"
"13.02.2018","1.010,75","1.001,25","1.013,50","998,75","-","0,95%"
"12.02.2018","1.001,25","996,00","1.004,25","989,00","-","1,75%"
"09.02.2018","984,00","987,50","989,50","979,75","-","-0,35%"
"08.02.2018","987,50","984,00","995,75","978,00","-","0,36%"
"07.02.2018","984,00","987,00","993,75","982,00","-","-0,30%"
"06.02.2018","987,00","970,25","987,50","967,75","-","1,73%"
"05.02.2018","970,25","978,50","978,50","969,50","-","-0,84%"
"04.02.2018","978,50","978,50","978,50","978,50","-","0,00%"
"02.02.2018","978,50","984,75","986,25","977,00","-","-0,63%"
"01.02.2018","984,75","996,75","996,75","977,50","-","-1,20%"
"31.01.2018","996,75","999,50","1.002,00","989,25","-","-0,28%"
"30.01.2018","999,50","991,25","1.004,75","988,50","-","0,83%"
"29.01.2018","991,25","991,75","998,75","986,25","-","0,53%"
"26.01.2018","986,00","991,25","995,50","983,75","-","-0,53%"
"25.01.2018","991,25","990,25","1.001,50","987,00","-","0,10%"
"24.01.2018","990,25","985,75","994,75","980,25","-","0,46%"
"23.01.2018","985,75","983,25","988,75","979,50","-","0,25%"
"22.01.2018","983,25","980,50","987,25","980,25","-","0,79%"
"19.01.2018","975,50","972,50","982,75","972,00","-","0,31%"
"18.01.2018","972,50","968,75","974,75","966,50","-","0,34%"
"17.01.2018","969,25","966,75","969,25","961,25","-","0,26%"
"16.01.2018","966,75","965,50","970,00","963,25","-","0,44%"
"12.01.2018","962,50","949,00","962,50","944,50","-","1,42%"
"11.01.2018","949,00","954,50","957,50","949,00","-","-0,58%"
"10.01.2018","954,50","963,25","963,50","951,75","-","-0,91%"
"09.01.2018","963,25","967,00","968,25","961,25","-","-0,39%"
"08.01.2018","967,00","970,00","971,50","960,50","-","-0,28%"
"05.01.2018","969,75","967,25","976,75","967,25","-","0,26%"
"04.01.2018","967,25","969,00","969,00","959,25","-","-0,18%"
"03.01.2018","969,00","965,50","970,00","963,50","-","0,36%"
"02.01.2018","965,50","967,50","970,00","958,75","-","0,31%"
"29.12.2017","962,50","956,50","963,50","955,00","-","0,63%"
"28.12.2017","956,50","966,25","967,75","955,00","-","-1,01%"
"27.12.2017","966,25","969,25","975,50","965,50","-","-0,31%"
"26.12.2017","969,25","964,00","973,75","964,00","-","2,02%"
"22.12.2017","950,10","947,88","959,12","946,62","-","0,18%"
"21.12.2017","948,38","953,38","956,62","948,12","-","-0,60%"
"20.12.2017","954,12","955,88","959,88","953,38","-","-0,18%"
"19.12.2017","955,88","962,12","964,12","955,12","-","-0,60%"
"18.12.2017","961,62","969,88","970,12","957,38","-","-0,60%"
"15.12.2017","967,38","967,88","972,12","964,12","-","-0,02%"
"14.12.2017","967,62","979,88","980,88","966,62","-","-1,22%"
"13.12.2017","979,62","977,12","981,38","976,12","-","0,38%"
"12.12.2017","975,88","982,12","986,12","975,38","-","-0,66%"
"11.12.2017","982,38","988,88","988,88","981,62","-","-0,71%"
"08.12.2017","989,38","991,88","996,38","986,12","-","-0,28%"
"07.12.2017","992,12","1.003,88","1.006,38","988,38","-","-1,10%"
"06.12.2017","1.003,12","1.008,12","1.014,12","995,12","-","-0,52%"
"05.12.2017","1.008,38","999,12","1.014,88","997,62","-","0,98%"
"04.12.2017","998,62","998,38","1.008,38","996,88","-","0,43%"
"01.12.2017","994,38","986,88","995,88","985,62","-","0,89%"
"30.11.2017","985,62","992,62","992,88","985,12","-","-0,71%"
"29.11.2017","992,62","992,88","996,38","989,38","-","-0,03%"
"28.11.2017","992,88","995,62","995,88","987,62","-","-0,35%"
"27.11.2017","996,38","993,88","1.001,38","990,62","-","0,33%"
"24.11.2017","993,12","994,88","999,62","991,12","-","-0,43%"
"22.11.2017","997,38","987,88","999,38","987,62","-","0,81%"
"21.11.2017","989,38","989,62","991,12","986,38","-","-0,05%"
"20.11.2017","989,88","989,88","991,88","983,12","-","-0,07%"
"17.11.2017","990,62","972,62","991,88","971,62","-","1,90%"
"16.11.2017","972,12","976,38","978,38","970,38","-","-0,41%"
"15.11.2017","976,12","969,12","977,88","968,12","-","0,88%"
"14.11.2017","967,62","975,12","977,12","967,12","-","-0,69%"
"13.11.2017","974,38","987,12","990,12","973,88","-","-1,29%"
"10.11.2017","987,12","985,88","990,75","983,88","-","0,23%"
"09.11.2017","984,88","998,12","1.007,62","983,62","-","-1,35%"
"08.11.2017","998,38","996,00","999,38","994,88","-","0,23%"
"07.11.2017","996,12","994,38","998,62","991,38","-","0,23%"
"06.11.2017","993,88","987,12","995,62","985,38","-","0,66%"
"03.11.2017","987,38","998,62","998,88","985,88","-","-1,18%"
"02.11.2017","999,12","990,12","1.000,38","990,12","-","0,78%"
"01.11.2017","991,38","984,75","994,88","983,88","-","0,69%"
"31.10.2017","984,62","984,38","988,38","982,12","-","0,02%"
"30.10.2017","984,38","986,88","993,25","983,12","-","1,00%"
"27.10.2017","974,62","970,62","976,62","969,88","-","0,41%"
"26.10.2017","970,62","975,88","978,62","970,62","-","-0,51%"
"25.10.2017","975,62","975,88","983,12","975,38","-","0,02%"
"24.10.2017","975,38","979,88","982,88","972,88","-","-0,53%"
"23.10.2017","980,62","977,12","982,88","975,12","-","0,20%"
"20.10.2017","978,62","985,38","993,88","978,62","-","-0,81%"
"19.10.2017","986,62","983,38","988,88","983,38","-","0,25%"
"18.10.2017","984,12","985,38","988,38","981,88","-","-0,03%"
"17.10.2017","984,38","989,38","990,38","982,62","-","-0,61%"
"16.10.2017","990,38","997,88","998,75","990,38","-","-0,90%"
"13.10.2017","999,38","990,88","1.003,12","990,38","-","0,73%"
"12.10.2017","992,12","964,88","997,38","961,88","-","2,77%"
"11.10.2017","965,38","965,62","967,38","963,38","-","-0,05%"
"10.10.2017","965,88","966,25","975,62","964,38","-","-0,08%"
"09.10.2017","966,62","974,38","976,88","965,38","-","-0,59%"
"06.10.2017","972,38","967,88","972,88","963,62","-","0,44%"
"05.10.2017","968,12","958,38","970,88","957,88","-","1,02%"
"04.10.2017","958,38","955,62","961,62","952,88","-","0,34%"
"03.10.2017","955,12","956,38","961,12","952,62","-","-0,21%"
"02.10.2017","957,12","967,38","967,88","956,38","-","-1,01%"
"29.09.2017","966,88","959,12","975,88","955,38","-","0,76%"
"28.09.2017","959,62","964,88","965,88","957,62","-","-0,57%"
"27.09.2017","965,12","963,12","968,38","958,12","-","0,18%"
"26.09.2017","963,38","971,62","974,12","962,62","-","-0,82%"
"25.09.2017","971,38","983,38","985,62","971,12","-","-1,32%"
"22.09.2017","984,38","969,62","986,88","969,12","-","1,39%"
"21.09.2017","970,88","970,12","972,88","963,12","-","0,08%"
"20.09.2017","970,12","966,88","973,88","964,88","-","0,47%"
"19.09.2017","965,62","968,12","971,62","958,62","-","-0,18%"
"18.09.2017","967,38","966,62","976,38","966,62","-","-0,15%"
"15.09.2017","968,88","975,38","977,50","967,38","-","-0,77%"
"14.09.2017","976,38","960,88","978,12","960,38","-","1,64%"
"13.09.2017","960,62","949,62","963,38","946,88","-","1,05%"
"12.09.2017","950,62","960,38","965,62","938,62","-","-1,02%"
"11.09.2017","960,38","964,62","968,62","957,00","-","-0,16%"
"08.09.2017","961,88","967,88","976,62","961,88","-","-0,70%"
"07.09.2017","968,62","971,38","977,25","965,88","-","-0,22%"
"06.09.2017","970,75","967,62","976,62","964,88","-","0,30%"
"05.09.2017","967,88","953,38","973,38","952,62","-","2,00%"
"01.09.2017","948,88","947,62","951,62","943,12","-","0,24%"
"31.08.2017","946,62","933,12","948,62","932,88","-","1,39%"
"30.08.2017","933,62","936,88","940,88","931,62","-","-0,43%"
"29.08.2017","937,62","940,62","943,62","934,62","-","-0,42%"
"28.08.2017","941,62","943,88","950,38","938,12","-","0,27%"
"25.08.2017","939,12","939,88","941,75","937,12","-","-0,21%"
"24.08.2017","941,12","934,38","942,50","932,38","-","0,61%"
"23.08.2017","935,38","941,00","943,12","929,12","-","0,19%"
"22.08.2017","933,62","931,62","938,38","927,88","-","0,13%"
"21.08.2017","932,38","935,12","936,12","930,25","-","-0,53%"
"18.08.2017","937,38","930,12","938,88","927,88","-","0,78%"
"17.08.2017","930,12","925,62","931,88","922,12","-","0,89%"
"16.08.2017","921,88","921,38","925,50","917,38","-","0,00%"
"15.08.2017","921,88","932,62","934,25","920,38","-","-1,20%"
"14.08.2017","933,12","929,62","934,38","924,88","-","-0,53%"
"11.08.2017","938,12","935,12","939,50","930,38","-","0,48%"
"10.08.2017","933,62","966,38","980,38","932,12","-","-3,29%"
"09.08.2017","965,38","966,88","971,12","960,38","-","-0,10%"
"08.08.2017","966,38","966,38","973,75","963,88","-","0,29%"
"07.08.2017","963,62","957,75","966,62","955,88","-","1,25%"
"04.08.2017","951,75","953,62","959,50","949,88","-","-0,17%"
"03.08.2017","953,38","969,12","969,62","948,88","-","-1,75%"
"02.08.2017","970,38","964,50","973,38","963,12","-","0,65%"
"01.08.2017","964,12","988,50","992,62","964,12","-","-3,43%"
"31.07.2017","998,38","994,88","1.001,62","987,38","-","-0,17%"
"28.07.2017","1.000,12","992,88","1.007,38","989,62","-","0,53%"
"27.07.2017","994,88","991,62","1.000,62","987,38","-","0,61%"
"26.07.2017","988,88","980,38","991,12","973,38","-","0,79%"
"25.07.2017","981,12","1.012,88","1.022,38","981,12","-","-1,68%"
"24.07.2017","997,88","999,38","999,38","985,88","-","-1,14%"
"21.07.2017","1.009,38","1.011,12","1.013,38","1.001,88","-","-0,35%"
"20.07.2017","1.012,88","999,62","1.017,38","995,12","-","1,30%"
"19.07.2017","999,88","991,88","1.004,62","984,38","-","1,04%"
"18.07.2017","989,62","998,12","1.004,12","986,00","-","0,41%"
"17.07.2017","985,62","988,88","995,38","981,62","-","-0,30%"
"14.07.2017","988,62","975,38","992,00","972,12","-","1,38%"
"13.07.2017","975,12","1.014,88","1.015,38","974,88","-","-4,46%"
"12.07.2017","1.020,62","1.026,12","1.031,12","1.010,62","-","-0,85%"
"11.07.2017","1.029,38","1.027,12","1.032,62","1.008,12","-","0,44%"
"10.07.2017","1.024,88","1.013,12","1.029,38","1.013,12","-","2,37%"
"07.07.2017","1.001,12","985,12","1.003,38","982,62","-","1,47%"
"06.07.2017","986,62","983,88","987,38","973,88","-","0,43%"
"05.07.2017","982,38","982,50","986,38","969,12","-","1,08%"
"03.07.2017","971,88","956,62","980,62","956,12","-","2,48%"
"30.06.2017","948,38","920,38","950,38","917,62","-","3,02%"
"29.06.2017","920,62","919,38","932,38","919,12","-","0,22%"
"28.06.2017","918,62","916,38","922,12","915,88","-","0,30%"
"27.06.2017","915,88","913,62","922,38","913,62","-","0,44%"
"26.06.2017","911,88","909,12","916,38","908,25","-","0,83%"
"23.06.2017","904,38","906,38","908,88","900,38","-","0,06%"
"22.06.2017","903,88","919,88","920,62","903,12","-","-1,63%"
"21.06.2017","918,88","929,12","932,38","917,12","-","-0,94%"
"20.06.2017","927,62","937,62","940,62","926,12","-","-1,07%"
"19.06.2017","937,62","936,62","947,38","933,88","-","-0,19%"
"16.06.2017","939,38","935,62","942,12","932,12","-","0,51%"
"15.06.2017","934,62","931,12","938,38","925,62","-","0,29%"
"14.06.2017","931,88","932,38","938,88","931,12","-","-0,11%"
"13.06.2017","932,88","933,38","941,38","931,88","-","0,21%"
"12.06.2017","930,88","941,62","942,62","930,38","-","-1,12%"
"09.06.2017","941,38","936,62","943,88","933,12","-","0,37%"
"08.06.2017","937,88","931,12","944,62","930,88","-","0,75%"
"07.06.2017","930,88","925,12","934,38","924,88","-","0,84%"
"06.06.2017","923,12","920,88","934,12","920,12","-","0,16%"
"05.06.2017","921,62","925,38","926,38","917,88","-","0,11%"
"02.06.2017","920,62","912,62","923,88","910,88","-","0,96%"
"01.06.2017","911,88","916,38","920,62","911,88","-","-0,44%"
"31.05.2017","915,88","915,12","920,38","909,62","-","0,36%"
"30.05.2017","912,62","927,62","928,38","910,62","-","-1,49%"
"26.05.2017","926,38","939,88","940,88","925,62","-","-1,38%"
"25.05.2017","939,38","947,62","952,12","939,12","-","-0,92%"
"24.05.2017","948,12","948,88","951,88","943,12","-","-0,03%"
"23.05.2017","948,38","956,12","959,12","947,12","-","-0,84%"
"22.05.2017","956,38","954,12","960,88","954,12","-","0,34%"
"19.05.2017","953,12","944,62","956,12","944,62","-","0,90%"
"18.05.2017","944,62","970,62","971,12","942,88","-","-3,20%"
"17.05.2017","975,88","975,62","980,50","973,62","-","-0,05%"
"16.05.2017","976,38","965,38","976,62","963,88","-","1,17%"
"15.05.2017","965,12","962,62","972,88","962,38","-","0,23%"
"12.05.2017","962,88","964,62","967,38","960,62","-","-0,34%"
"11.05.2017","966,12","970,88","975,62","962,88","-","-0,32%"
"10.05.2017","969,25","974,38","988,50","966,88","-","-0,48%"
"09.05.2017","973,88","965,38","977,12","963,62","-","0,86%"
"08.05.2017","965,62","971,62","974,62","963,62","-","-0,77%"
"05.05.2017","973,12","974,38","982,88","967,88","-","-0,03%"
"04.05.2017","973,38","976,62","979,88","969,62","-","-0,15%"
"03.05.2017","974,88","969,62","976,38","967,38","-","0,59%"
"02.05.2017","969,12","969,12","978,38","965,38","-","-0,15%"
"01.05.2017","970,62","961,88","974,62","958,62","-","1,41%"
"28.04.2017","957,12","956,75","958,62","952,50","-","-0,05%"
"27.04.2017","957,62","957,12","961,25","954,38","-","0,09%"
"26.04.2017","956,75","965,62","968,38","955,25","-","-0,89%"
"25.04.2017","965,38","969,38","971,12","964,88","-","-0,67%"
"24.04.2017","971,88","963,25","971,88","962,12","-","2,21%"
"21.04.2017","950,88","945,62","952,62","944,88","-","0,45%"
"20.04.2017","946,62","950,12","955,62","946,12","-","-0,47%"
"19.04.2017","951,12","946,75","954,38","942,75","-","0,58%"
"18.04.2017","945,62","952,12","954,88","939,88","-","-0,79%"
"17.04.2017","953,12","958,62","961,88","951,62","-","-0,26%"
"13.04.2017","955,62","947,12","959,38","946,88","-","0,84%"
"12.04.2017","947,62","942,38","951,25","941,12","-","0,80%"
"11.04.2017","940,12","941,62","944,88","929,88","-","-0,19%"
"10.04.2017","941,88","944,12","948,88","939,38","-","-0,05%"
"07.04.2017","942,38","938,62","945,38","937,38","-","0,16%"
"06.04.2017","940,88","944,38","946,38","940,12","-","-0,29%"
"05.04.2017","943,62","937,62","948,38","937,62","-","0,64%"
"04.04.2017","937,62","939,50","942,62","936,62","-","0,00%"
"03.04.2017","937,62","946,38","949,12","937,62","-","-0,87%"
"31.03.2017","945,88","961,38","966,38","944,38","-","-1,77%"
"30.03.2017","962,88","969,75","969,88","961,12","-","-0,59%"
"29.03.2017","968,62","970,88","975,88","967,38","-","-0,34%"
"28.03.2017","971,88","971,38","976,38","971,12","-","0,05%"
"27.03.2017","971,38","976,12","978,62","968,38","-","-0,43%"
"24.03.2017","975,62","990,62","990,88","972,38","-","-1,51%"
"23.03.2017","990,62","999,38","1.001,88","990,62","-","-0,88%"
"22.03.2017","999,38","1.000,62","1.003,12","994,12","-","-0,25%"
"21.03.2017","1.001,88","1.000,38","1.007,88","995,12","-","0,20%"
"20.03.2017","999,88","1.003,62","1.008,62","998,38","-","-0,02%"
"17.03.2017","1.000,12","1.001,62","1.004,38","994,38","-","-0,08%"
"16.03.2017","1.000,88","999,62","1.006,62","995,88","-","0,30%"
"15.03.2017","997,88","998,62","1.007,62","995,38","-","-0,12%"
"14.03.2017","999,12","1.006,50","1.007,88","992,12","-","-0,70%"
"13.03.2017","1.006,12","1.006,38","1.010,12","1.003,62","-","-0,05%"
"10.03.2017","1.006,62","1.011,88","1.012,75","1.003,12","-","-0,42%"
"09.03.2017","1.010,88","1.020,88","1.022,62","1.006,38","-","-1,08%"
"08.03.2017","1.021,88","1.025,62","1.027,62","1.018,62","-","-0,39%"
"07.03.2017","1.025,88","1.038,62","1.041,62","1.022,38","-","-1,11%"
"06.03.2017","1.037,38","1.039,12","1.048,38","1.035,88","-","0,05%"
"03.03.2017","1.036,88","1.037,62","1.040,88","1.028,88","-","0,03%"
"02.03.2017","1.036,62","1.049,12","1.050,88","1.032,12","-","-1,40%"
"01.03.2017","1.051,38","1.036,88","1.051,88","1.035,12","-","1,45%"
"28.02.2017","1.036,38","1.024,38","1.056,12","1.023,50","-","1,42%"
"27.02.2017","1.021,88","1.027,38","1.028,88","1.017,12","-","0,79%"
"24.02.2017","1.013,90","1.011,88","1.016,12","1.009,38","-","0,02%"
"23.02.2017","1.013,70","1.022,62","1.026,90","1.010,10","-","-0,90%"
"22.02.2017","1.022,90","1.027,88","1.031,62","1.022,38","-","-0,37%"
"21.02.2017","1.026,70","1.033,88","1.044,40","1.026,10","-","-0,79%"
"17.02.2017","1.034,90","1.043,38","1.046,12","1.031,10","-","-0,84%"
"16.02.2017","1.043,70","1.060,12","1.062,62","1.042,60","-","-1,64%"
"15.02.2017","1.061,10","1.045,12","1.061,40","1.040,38","-","1,50%"
"14.02.2017","1.045,40","1.055,12","1.055,90","1.042,60","-","-0,97%"
"13.02.2017","1.055,60","1.059,38","1.061,62","1.050,60","-","-0,24%"
"10.02.2017","1.058,10","1.050,12","1.063,40","1.047,60","-","0,77%"
"09.02.2017","1.050,00","1.055,88","1.061,40","1.045,10","-","-0,79%"
"08.02.2017","1.058,40","1.041,88","1.059,62","1.040,00","-","1,61%"
"07.02.2017","1.041,60","1.038,88","1.043,12","1.032,10","-","0,39%"
"06.02.2017","1.037,60","1.027,88","1.042,38","1.026,38","-","1,07%"
"03.02.2017","1.026,60","1.036,12","1.044,12","1.026,40","-","-0,95%"
"02.02.2017","1.036,40","1.037,12","1.041,62","1.031,50","-","-0,06%"
"01.02.2017","1.037,00","1.024,12","1.037,40","1.017,10","-","1,21%"
"31.01.2017","1.024,60","1.023,12","1.026,62","1.019,60","-","0,20%"
"30.01.2017","1.022,60","1.043,88","1.043,88","1.019,60","-","-2,55%"
"27.01.2017","1.049,40","1.047,38","1.051,90","1.043,10","-","0,10%"
"26.01.2017","1.048,40","1.055,38","1.058,62","1.045,60","-","-0,77%"
"25.01.2017","1.056,50","1.057,38","1.059,90","1.050,10","-","-0,23%"
"24.01.2017","1.058,90","1.060,12","1.068,12","1.051,38","-","-0,09%"
"23.01.2017","1.059,90","1.066,88","1.069,40","1.055,38","-","-0,70%"
"20.01.2017","1.067,40","1.070,12","1.071,12","1.060,25","-","-0,21%"
"19.01.2017","1.069,60","1.072,62","1.077,12","1.066,88","-","-0,42%"
"18.01.2017","1.074,10","1.067,88","1.079,90","1.062,60","-","0,61%"
"17.01.2017","1.067,60","1.054,12","1.075,25","1.052,38","-","2,24%"
"13.01.2017","1.044,20","1.037,62","1.052,62","1.033,10","-","0,44%"
"12.01.2017","1.039,60","1.009,38","1.041,12","1.006,10","-","2,92%"
"11.01.2017","1.010,10","1.012,38","1.016,40","1.001,10","-","-0,31%"
"10.01.2017","1.013,20","1.003,62","1.014,90","997,38","-","0,83%"
"09.01.2017","1.004,90","995,12","1.005,90","993,60","-","0,95%"
"06.01.2017","995,40","1.012,62","1.014,62","993,60","-","-1,68%"
"05.01.2017","1.012,40","1.013,38","1.015,90","1.007,60","-","-0,17%"
"04.01.2017","1.014,10","995,88","1.015,50","992,75","-","1,78%"
"03.01.2017","996,40","1.005,40","1.011,62","994,60","-","-0,87%"
"30.12.2016","1.005,10","1.013,12","1.018,40","1.002,60","-","-0,69%"
"29.12.2016","1.012,10","1.016,12","1.024,12","1.011,38","-","-0,42%"
"28.12.2016","1.016,40","1.023,88","1.028,40","1.011,38","-","-0,70%"
"27.12.2016","1.023,60","998,62","1.024,62","998,38","-","3,41%"
"23.12.2016","989,88","995,75","996,88","987,88","-","-0,48%"
"22.12.2016","994,62","1.007,75","1.008,25","993,62","-","-1,12%"
"21.12.2016","1.005,88","1.006,88","1.012,12","1.005,12","-","0,04%"
"20.12.2016","1.005,50","1.023,12","1.023,88","1.004,12","-","-1,65%"
"19.12.2016","1.022,38","1.031,88","1.038,75","1.020,62","-","-1,26%"
"16.12.2016","1.035,38","1.029,75","1.037,38","1.023,12","-","0,66%"
"15.12.2016","1.028,62","1.023,88","1.037,88","1.018,38","-","0,51%"
"14.12.2016","1.023,38","1.027,38","1.029,12","1.020,88","-","-0,41%"
"13.12.2016","1.027,62","1.031,38","1.038,62","1.025,62","-","-0,30%"
"12.12.2016","1.030,75","1.040,75","1.047,38","1.026,62","-","-0,53%"
"09.12.2016","1.036,25","1.025,62","1.038,62","1.021,38","-","0,84%"
"08.12.2016","1.027,62","1.047,38","1.047,88","1.023,62","-","-2,00%"
"07.12.2016","1.048,62","1.047,88","1.052,88","1.040,12","-","0,10%"
"06.12.2016","1.047,62","1.043,12","1.061,38","1.039,38","-","0,35%"
"05.12.2016","1.044,00","1.030,12","1.049,62","1.027,88","-","1,20%"
"02.12.2016","1.031,62","1.033,62","1.037,50","1.026,62","-","0,21%"
"01.12.2016","1.029,50","1.034,88","1.039,88","1.022,38","-","-0,41%"
"30.11.2016","1.033,75","1.044,12","1.052,62","1.031,62","-","-0,78%"
"29.11.2016","1.041,88","1.053,62","1.058,62","1.039,38","-","-1,36%"
"28.11.2016","1.056,25","1.044,38","1.064,88","1.042,88","-","1,04%"
"25.11.2016","1.045,38","1.032,62","1.046,50","1.030,00","-","1,04%"
"23.11.2016","1.034,62","1.029,25","1.035,62","1.017,38","-","0,51%"
"22.11.2016","1.029,38","1.020,38","1.033,12","1.016,50","-","1,02%"
"21.11.2016","1.019,00","997,75","1.019,75","997,62","-","2,61%"
"18.11.2016","993,12","988,25","996,62","982,38","-","0,30%"
"17.11.2016","990,12","986,88","993,62","981,12","-","0,48%"
"16.11.2016","985,38","994,12","997,62","982,88","-","-0,35%"
"15.11.2016","988,88","987,00","989,88","978,62","-","0,50%"
"14.11.2016","984,00","988,12","989,38","975,62","-","-0,28%"
"11.11.2016","986,75","1.005,62","1.017,88","977,12","-","-1,04%"
"10.11.2016","997,12","992,38","1.018,88","989,12","-","0,66%"
"09.11.2016","990,62","1.009,50","1.017,38","984,38","-","-2,12%"
"08.11.2016","1.012,12","999,12","1.020,38","997,12","-","1,35%"
"07.11.2016","998,62","991,50","1.001,62","990,12","-","0,83%"
"04.11.2016","990,38","989,75","994,62","984,12","-","0,08%"
"03.11.2016","989,62","986,12","993,88","985,62","-","0,34%"
"02.11.2016","986,25","991,88","995,38","983,38","-","-0,69%"
"01.11.2016","993,12","1.011,75","1.015,88","991,75","-","-1,85%"
"31.10.2016","1.011,88","1.013,62","1.018,12","1.006,50","-","1,02%"
"28.10.2016","1.001,62","1.012,75","1.017,38","1.000,62","-","-1,23%"
"27.10.2016","1.014,12","1.008,25","1.019,88","1.002,75","-","0,50%"
"26.10.2016","1.009,12","989,88","1.010,88","989,50","-","1,84%"
"25.10.2016","990,88","990,25","996,88","981,38","-","-0,15%"
"24.10.2016","992,38","981,88","999,62","979,88","-","1,10%"
"21.10.2016","981,62","977,38","983,88","974,50","-","0,61%"
"20.10.2016","975,62","980,50","989,62","973,50","-","-0,51%"
"19.10.2016","980,62","971,62","981,62","971,12","-","0,87%"
"18.10.2016","972,12","977,38","986,88","971,62","-","-0,51%"
"17.10.2016","977,12","961,62","978,50","961,25","-","1,61%"
"14.10.2016","961,62","955,12","974,12","952,12","-","0,56%"
"13.10.2016","956,25","946,00","959,38","937,38","-","1,12%"
"12.10.2016","945,62","952,75","971,12","943,38","-","-0,94%"
"11.10.2016","954,62","953,38","960,62","951,88","-","-0,03%"
"10.10.2016","954,88","955,12","964,12","950,12","-","-0,25%"
"07.10.2016","957,25","958,50","973,12","955,62","-","-0,12%"
"06.10.2016","958,38","957,62","959,62","947,38","-","0,10%"
"05.10.2016","957,38","963,88","967,62","950,62","-","-0,60%"
"04.10.2016","963,12","971,50","971,88","960,38","-","-1,08%"
"03.10.2016","973,62","952,75","974,88","946,62","-","1,92%"
"30.09.2016","955,25","949,38","958,38","943,50","-","0,49%"
"29.09.2016","950,62","948,00","957,12","946,12","-","0,53%"
"28.09.2016","945,62","952,00","955,38","944,75","-","-0,68%"
"27.09.2016","952,12","947,62","953,12","934,12","-","0,74%"
"26.09.2016","945,12","952,25","960,12","943,88","-","-1,13%"
"23.09.2016","955,88","975,50","976,12","952,75","-","-2,15%"
"22.09.2016","976,88","974,75","983,12","970,38","-","0,18%"
"21.09.2016","975,12","988,38","990,12","971,62","-","-1,49%"
"20.09.2016","989,88","974,38","993,88","971,00","-","1,96%"
"19.09.2016","970,88","970,88","981,12","966,12","-","0,34%"
"16.09.2016","967,62","949,12","968,75","945,62","-","1,73%"
"15.09.2016","951,12","943,62","952,88","941,38","-","0,90%"
"14.09.2016","942,62","943,75","947,88","940,62","-","-0,24%"
"13.09.2016","944,88","962,88","970,88","942,62","-","-2,10%"
"12.09.2016","965,12","977,12","989,25","959,12","-","-1,66%"
"09.09.2016","981,38","976,88","983,12","971,88","-","0,51%"
"08.09.2016","976,38","977,50","983,12","970,38","-","0,15%"
"07.09.2016","974,88","959,38","977,88","958,12","-","1,56%"
"06.09.2016","959,88","954,38","963,75","946,62","-","0,89%"
"02.09.2016","951,38","946,12","955,38","946,12","-","0,72%"
"01.09.2016","944,62","943,88","948,38","937,12","-","0,29%"
"31.08.2016","941,88","952,12","955,62","938,12","-","-0,79%"
"30.08.2016","949,38","964,62","968,50","946,62","-","-4,15%"
"26.08.2016","990,50","997,38","1.001,62","982,75","-","-0,83%"
"25.08.2016","998,75","1.026,88","1.029,00","998,75","-","-3,12%"
"24.08.2016","1.030,88","1.034,25","1.036,00","1.021,62","-","-0,31%"
"23.08.2016","1.034,12","1.033,75","1.036,75","1.026,62","-","-0,01%"
"22.08.2016","1.034,25","1.024,75","1.041,12","1.023,12","-","0,75%"
"19.08.2016","1.026,50","1.032,50","1.034,88","1.016,88","-","-0,63%"
"18.08.2016","1.033,00","1.033,50","1.034,62","1.011,88","-","0,28%"
"17.08.2016","1.030,12","1.022,00","1.030,88","1.015,75","-","1,05%"
"16.08.2016","1.019,38","1.023,88","1.028,38","1.012,12","-","-0,45%"
"15.08.2016","1.024,00","999,88","1.026,88","996,88","-","2,61%"
"12.08.2016","998,00","1.001,00","1.008,88","980,50","-","-0,39%"
"11.08.2016","1.001,88","999,88","1.007,50","995,62","-","0,36%"
"10.08.2016","998,25","1.006,25","1.014,25","989,12","-","-0,71%"
"09.08.2016","1.005,38","1.000,25","1.014,88","993,50","-","0,50%"
"08.08.2016","1.000,38","996,75","1.002,25","987,75","-","1,28%"
"05.08.2016","987,75","976,38","994,75","975,62","-","1,37%"
"04.08.2016","974,38","973,38","984,75","968,38","-","0,09%"
"03.08.2016","973,50","974,75","985,62","969,25","-","0,31%"
"02.08.2016","970,50","976,50","986,38","961,62","-","-0,96%"
"01.08.2016","979,88","1.009,88","1.017,50","976,88","-","-3,87%"
"29.07.2016","1.019,38","994,75","1.022,88","984,38","-","2,71%"
"28.07.2016","992,50","1.005,38","1.010,38","988,50","-","-0,68%"
"27.07.2016","999,25","984,38","1.006,88","983,38","-","1,41%"
"26.07.2016","985,38","975,00","994,12","974,00","-","0,95%"
"25.07.2016","976,12","993,25","1.002,38","973,75","-","-3,05%"
"22.07.2016","1.006,88","1.035,25","1.037,00","985,25","-","-2,47%"
"21.07.2016","1.032,38","1.026,00","1.042,38","1.023,75","-","0,56%"
"20.07.2016","1.026,62","1.045,88","1.056,12","1.025,00","-","-1,63%"
"19.07.2016","1.043,62","1.072,75","1.078,62","1.041,25","-","-3,27%"
"18.07.2016","1.078,88","1.062,88","1.082,00","1.050,38","-","0,44%"
"15.07.2016","1.074,12","1.084,75","1.097,12","1.056,62","-","-0,81%"
"14.07.2016","1.082,88","1.110,25","1.140,75","1.079,88","-","-3,52%"
"13.07.2016","1.122,38","1.109,00","1.134,50","1.096,75","-","1,94%"
"12.07.2016","1.101,00","1.076,12","1.101,88","1.072,88","-","2,24%"
"11.07.2016","1.076,88","1.096,88","1.100,75","1.074,62","-","-0,51%"
"08.07.2016","1.082,38","1.050,62","1.084,00","1.045,75","-","2,99%"
"07.07.2016","1.051,00","1.106,00","1.117,12","1.050,38","-","-4,31%"
"06.07.2016","1.098,38","1.109,75","1.114,38","1.063,25","-","-0,90%"
"05.07.2016","1.108,38","1.144,75","1.144,75","1.105,12","-","-4,79%"
"01.07.2016","1.164,12","1.177,25","1.178,50","1.163,12","-","-0,86%"
"30.06.2016","1.174,25","1.139,88","1.181,12","1.121,00","-","3,04%"
"29.06.2016","1.139,62","1.148,25","1.151,62","1.136,62","-","-0,57%"
"28.06.2016","1.146,12","1.128,12","1.161,62","1.124,62","-","1,54%"
"27.06.2016","1.128,75","1.101,38","1.135,62","1.101,38","-","2,56%"
"24.06.2016","1.100,62","1.125,25","1.131,50","1.099,38","-","-2,08%"
"23.06.2016","1.124,00","1.140,25","1.142,50","1.123,38","-","-1,15%"
"22.06.2016","1.137,12","1.130,75","1.146,88","1.126,12","-","0,40%"
"21.06.2016","1.132,62","1.144,50","1.151,75","1.129,12","-","-1,03%"
"20.06.2016","1.144,38","1.156,50","1.156,75","1.140,38","-","-1,28%"
"17.06.2016","1.159,25","1.132,75","1.159,25","1.132,75","-","2,15%"
"16.06.2016","1.134,88","1.153,88","1.159,88","1.128,88","-","-1,86%"
"15.06.2016","1.156,38","1.167,00","1.177,88","1.154,62","-","-1,09%"
"14.06.2016","1.169,12","1.166,75","1.176,12","1.152,62","-","0,02%"
"13.06.2016","1.168,88","1.194,88","1.198,25","1.167,38","-","-0,86%"
"10.06.2016","1.179,00","1.174,88","1.207,75","1.169,12","-","0,20%"
"09.06.2016","1.176,62","1.176,88","1.184,75","1.166,38","-","-0,13%"
"08.06.2016","1.178,12","1.142,00","1.189,12","1.138,12","-","3,12%"
"07.06.2016","1.142,50","1.133,12","1.148,62","1.129,12","-","0,52%"
"06.06.2016","1.136,62","1.144,62","1.161,88","1.136,12","-","0,43%"
"03.06.2016","1.131,75","1.142,25","1.168,12","1.127,38","-","-1,08%"
"02.06.2016","1.144,12","1.102,38","1.144,50","1.100,88","-","4,14%"
"01.06.2016","1.098,62","1.075,25","1.098,88","1.068,62","-","1,92%"
"31.05.2016","1.077,88","1.088,38","1.096,12","1.077,38","-","-0,74%"
"27.05.2016","1.085,88","1.076,00","1.090,62","1.071,88","-","0,49%"
"26.05.2016","1.080,62","1.085,25","1.097,88","1.073,50","-","-0,36%"
"25.05.2016","1.084,50","1.057,25","1.087,88","1.054,88","-","2,78%"
"24.05.2016","1.055,12","1.058,88","1.069,62","1.043,88","-","-0,40%"
"23.05.2016","1.059,38","1.077,12","1.079,12","1.052,12","-","-1,52%"
"20.05.2016","1.075,75","1.074,50","1.087,38","1.063,38","-","0,48%"
"19.05.2016","1.070,62","1.073,88","1.074,62","1.051,38","-","-0,45%"
"18.05.2016","1.075,50","1.079,75","1.087,88","1.063,88","-","-0,41%"
"17.05.2016","1.079,88","1.063,12","1.085,62","1.062,88","-","1,39%"
"16.05.2016","1.065,12","1.060,25","1.071,62","1.055,62","-","0,02%"
"13.05.2016","1.064,88","1.071,25","1.075,38","1.057,88","-","-0,51%"
"12.05.2016","1.070,38","1.078,75","1.089,62","1.063,00","-","-0,61%"
"11.05.2016","1.077,00","1.080,38","1.090,62","1.073,12","-","-0,70%"
"10.05.2016","1.084,62","1.025,12","1.090,62","1.023,62","-","5,65%"
"09.05.2016","1.026,62","1.036,88","1.043,62","1.019,12","-","-0,61%"
"06.05.2016","1.032,88","1.011,75","1.033,62","1.008,62","-","2,08%"
"05.05.2016","1.011,88","1.035,12","1.047,38","1.011,50","-","-2,13%"
"04.05.2016","1.033,88","1.026,38","1.045,62","1.022,25","-","0,39%"
"03.05.2016","1.029,88","1.043,12","1.057,12","1.023,62","-","-1,29%"
"02.05.2016","1.043,38","1.028,12","1.043,38","1.020,62","-","1,31%"
"29.04.2016","1.029,88","1.023,75","1.037,88","1.018,38","-","0,22%"
"28.04.2016","1.027,62","1.024,62","1.046,12","1.018,12","-","-0,12%"
"27.04.2016","1.028,88","1.026,50","1.029,62","1.011,12","-","0,10%"
"26.04.2016","1.027,88","1.009,00","1.027,88","1.001,62","-","1,68%"
"25.04.2016","1.010,88","994,62","1.029,50","986,38","-","2,59%"
"22.04.2016","985,38","1.016,50","1.017,00","979,12","-","-3,41%"
"21.04.2016","1.020,12","1.007,38","1.034,62","1.002,75","-","0,99%"
"20.04.2016","1.010,12","980,62","1.012,12","975,88","-","2,47%"
"19.04.2016","985,75","953,62","986,38","953,12","-","3,40%"
"18.04.2016","953,38","954,12","964,12","949,88","-","-0,39%"
"15.04.2016","957,12","947,38","958,12","946,38","-","0,79%"
"14.04.2016","949,62","955,12","959,38","946,88","-","-0,60%"
"13.04.2016","955,38","938,38","957,62","938,12","-","2,22%"
"12.04.2016","934,62","927,12","937,38","924,75","-","0,73%"
"11.04.2016","927,88","916,12","929,38","915,38","-","1,28%"
"08.04.2016","916,12","905,12","916,38","903,12","-","1,35%"
"07.04.2016","903,88","908,62","909,62","903,62","-","-0,50%"
"06.04.2016","908,38","903,88","909,62","901,12","-","0,36%"
"05.04.2016","905,12","911,88","916,38","905,12","-","-0,90%"
"04.04.2016","913,38","918,25","922,38","912,88","-","-0,34%"
"01.04.2016","916,50","909,88","917,88","908,38","-","0,43%"
"31.03.2016","912,62","908,38","913,88","896,88","-","0,38%"
"30.03.2016","909,12","915,12","916,88","909,12","-","-0,74%"
"29.03.2016","915,88","908,38","916,38","907,12","-","0,71%"
"28.03.2016","909,38","911,12","914,62","906,38","-","-0,11%"
"24.03.2016","910,38","905,12","911,62","902,12","-","0,47%"
"23.03.2016","906,12","909,38","912,38","901,63","-","-0,49%"
"22.03.2016","910,62","901,13","913,88","900,13","-","1,00%"
"21.03.2016","901,63","895,38","904,88","892,38","-","0,47%"
"18.03.2016","897,38","897,13","904,62","896,13","-","0,06%"
"17.03.2016","896,88","894,88","904,38","893,62","-","0,25%"
"16.03.2016","894,62","891,50","894,62","886,12","-","0,28%"
"15.03.2016","892,12","894,62","895,38","888,63","-","-0,45%"
"14.03.2016","896,13","892,62","896,88","890,38","-","0,08%"
"11.03.2016","895,38","887,63","896,62","887,38","-","0,73%"
"10.03.2016","888,88","885,12","889,88","881,38","-","0,37%"
"09.03.2016","885,62","883,13","887,88","880,38","-","0,14%"
"08.03.2016","884,38","880,12","884,63","875,38","-","0,37%"
"07.03.2016","881,12","881,25","887,38","880,63","-","0,31%"
"04.03.2016","878,38","864,13","879,13","863,88","-","1,71%"
"03.03.2016","863,63","861,12","865,38","857,62","-","0,26%"
"02.03.2016","861,38","858,25","864,88","856,12","-","0,32%"
"01.03.2016","858,63","861,25","866,38","857,12","-","-0,29%"
"29.02.2016","861,12","862,88","864,88","860,12","-","-0,23%"
"26.02.2016","863,12","866,63","869,12","861,88","-","-0,29%"
"25.02.2016","865,62","872,13","876,38","865,12","-","-0,77%"
"24.02.2016","872,38","873,38","874,88","869,38","-","-0,08%"
"23.02.2016","873,12","883,25","883,25","871,38","-","-1,22%"
"22.02.2016","883,88","881,75","889,88","880,38","-","0,63%"
"19.02.2016","878,38","879,50","881,62","877,88","-","-0,17%"
"18.02.2016","879,88","882,00","882,63","878,12","-","-0,27%"
"17.02.2016","882,25","878,75","885,38","876,88","-","0,24%"
"16.02.2016","880,13","876,38","882,63","873,38","-","0,86%"
"12.02.2016","872,63","872,88","875,38","868,63","-","-0,06%"
"11.02.2016","873,13","862,38","874,13","862,38","-","1,31%"
"10.02.2016","861,88","863,25","866,13","861,63","-","-0,17%"
"09.02.2016","863,38","862,75","866,13","859,63","-","0,06%"
"08.02.2016","862,88","867,38","868,63","861,63","-","-0,52%"
"05.02.2016","867,38","875,63","878,88","867,38","-","-0,79%"
"04.02.2016","874,25","877,88","884,38","872,88","-","-0,33%"
"03.02.2016","877,13","885,63","885,88","874,38","-","-1,04%"
"02.02.2016","886,38","880,25","889,38","878,38","-","0,62%"
"01.02.2016","880,88","882,88","882,88","876,13","-","-0,17%"
"29.01.2016","882,38","868,88","882,88","867,13","-","1,67%"
"28.01.2016","867,88","882,50","884,13","867,38","-","-1,75%"
"27.01.2016","883,38","875,88","884,88","875,75","-","0,83%"
"26.01.2016","876,13","879,75","882,13","875,63","-","-0,48%"
"25.01.2016","880,38","876,63","881,88","870,88","-","0,46%"
"22.01.2016","876,38","878,88","886,13","874,88","-","-0,28%"
"21.01.2016","878,88","874,63","885,63","872,38","-","0,51%"
"20.01.2016","874,38","881,88","883,75","870,63","-","-1,05%"
"19.01.2016","883,63","881,00","887,88","880,63","-","0,60%"
"17.01.2016","878,38","878,38","878,38","878,38","-","0,00%"
"15.01.2016","878,38","882,38","882,63","871,25","-","-0,51%"
"14.01.2016","882,88","878,63","884,38","874,88","-","0,34%"
"13.01.2016","879,88","874,75","880,63","871,13","-","0,60%"
"12.01.2016","874,63","861,50","881,00","857,38","-","1,57%"
"11.01.2016","861,13","865,50","869,63","859,63","-","-0,49%"
"08.01.2016","865,38","864,88","870,63","863,63","-","0,12%"
"07.01.2016","864,38","864,13","868,63","858,38","-","-0,03%"
"06.01.2016","864,63","856,63","867,63","852,38","-","0,88%"
"05.01.2016","857,13","858,13","864,63","855,63","-","0,12%"
"04.01.2016","856,13","863,13","867,13","853,38","-","-0,87%"
"31.12.2015","863,63","868,88","872,88","863,13","-","-0,69%"
"30.12.2015","869,63","865,13","872,63","864,13","-","0,49%"
"29.12.2015","865,38","862,63","871,88","861,13","-","0,35%"
"28.12.2015","862,38","870,13","871,38","860,63","-","-1,36%"
"27.12.2015","874,25","874,25","874,25","874,25","-","-0,29%"
"24.12.2015","876,75","882,50","884,88","875,13","-","-0,55%"
"23.12.2015","881,63","885,63","888,50","881,13","-","-0,42%"
"22.12.2015","885,38","890,75","895,13","885,13","-","-0,62%"
"21.12.2015","890,88","891,63","896,13","887,13","-","-0,08%"
"18.12.2015","891,63","876,13","893,38","873,38","-","1,65%"
"17.12.2015","877,13","859,88","878,00","854,25","-","1,62%"
"16.12.2015","863,13","866,88","870,88","856,13","-","-0,40%"
"15.12.2015","866,63","874,63","877,63","866,63","-","-0,91%"
"14.12.2015","874,63","870,75","877,63","868,13","-","0,43%"
"11.12.2015","870,88","878,00","884,13","870,13","-","-0,85%"
"10.12.2015","878,38","877,00","886,38","873,13","-","0,23%"
"09.12.2015","876,38","877,38","883,63","869,88","-","0,00%"
"08.12.2015","876,38","885,88","886,88","872,88","-","-0,71%"
"07.12.2015","882,63","905,75","909,63","881,63","-","-2,62%"
"04.12.2015","906,38","896,75","906,38","892,88","-","1,09%"
"03.12.2015","896,63","890,75","897,63","885,13","-","0,48%"
"02.12.2015","892,38","889,00","894,63","885,00","-","0,35%"
"01.12.2015","889,25","880,88","891,63","880,13","-","0,86%"
"30.11.2015","881,63","873,13","883,13","870,38","-","0,89%"
"27.11.2015","873,88","875,38","877,63","871,13","-","-0,17%"
"25.11.2015","875,38","863,00","876,88","861,63","-","1,42%"
"24.11.2015","863,13","863,38","869,13","861,38","-","-0,12%"
"23.11.2015","864,13","854,50","865,38","844,38","-","0,70%"
"20.11.2015","858,13","859,75","861,13","852,13","-","-0,23%"
"19.11.2015","860,13","858,00","862,88","852,63","-","0,23%"
"18.11.2015","858,13","864,13","867,63","852,63","-","-0,64%"
"17.11.2015","863,63","859,38","864,88","857,88","-","0,52%"
"16.11.2015","859,13","854,50","860,13","851,38","-","0,41%"
"13.11.2015","855,63","862,25","862,25","854,88","-","-0,84%"
"12.11.2015","862,88","860,38","865,13","855,13","-","0,17%"
"11.11.2015","861,38","856,75","861,38","854,13","-","0,61%"
"10.11.2015","856,13","865,63","868,38","850,13","-","-1,15%"
"09.11.2015","866,13","867,63","871,88","865,88","-","-0,12%"
"06.11.2015","867,13","864,75","868,25","858,38","-","0,26%"
"05.11.2015","864,88","883,63","885,38","863,38","-","-2,23%"
"04.11.2015","884,63","879,13","886,88","879,13","-","0,65%"
"03.11.2015","878,88","879,75","886,63","875,63","-","0,03%"
"02.11.2015","878,63","887,88","890,88","878,38","-","-0,73%"
"30.10.2015","885,13","879,25","887,38","878,88","-","0,57%"
"29.10.2015","880,13","882,38","886,38","875,63","-","-0,37%"
"28.10.2015","883,38","889,88","891,38","882,13","-","-0,87%"
"27.10.2015","891,13","885,13","894,38","880,38","-","0,73%"
"26.10.2015","884,63","895,50","899,88","882,63","-","-1,17%"
"23.10.2015","895,13","898,88","900,88","892,13","-","-0,39%"
"22.10.2015","898,63","905,00","912,88","897,63","-","-0,69%"
"21.10.2015","904,88","896,00","906,88","894,50","-","1,00%"
"20.10.2015","895,88","890,38","901,63","889,63","-","0,56%"
"19.10.2015","890,88","897,13","900,38","890,88","-","-0,81%"
"16.10.2015","898,13","904,25","910,50","897,63","-","-0,79%"
"15.10.2015","905,25","908,88","915,63","904,25","-","-0,56%"
"14.10.2015","910,38","912,00","919,63","909,38","-","-0,27%"
"13.10.2015","912,88","886,25","914,88","886,13","-","2,87%"
"12.10.2015","887,38","886,13","894,25","885,88","-","0,28%"
"09.10.2015","884,88","880,50","896,63","871,63","-","0,45%"
"08.10.2015","880,88","890,38","891,63","880,13","-","-1,11%"
"07.10.2015","890,75","887,13","895,75","885,88","-","0,32%"
"06.10.2015","887,88","880,63","895,38","879,50","-","0,48%"
"05.10.2015","883,63","874,13","885,88","872,13","-","1,12%"
"02.10.2015","873,88","877,38","881,88","868,38","-","-0,40%"
"01.10.2015","877,38","891,25","899,13","876,88","-","-1,60%"
"30.09.2015","891,63","883,63","901,75","881,38","-","0,89%"
"29.09.2015","883,75","876,63","884,63","873,63","-","0,78%"
"28.09.2015","876,88","888,50","891,38","875,75","-","-1,35%"
"25.09.2015","888,88","869,38","889,88","869,38","-","2,45%"
"24.09.2015","867,63","863,13","869,13","858,13","-","0,46%"
"23.09.2015","863,63","861,38","869,38","861,38","-","0,17%"
"22.09.2015","862,13","871,63","873,38","861,13","-","-1,32%"
"21.09.2015","873,63","867,88","877,13","865,13","-","0,75%"
"18.09.2015","867,13","883,88","886,38","867,13","-","-1,95%"
"17.09.2015","884,38","886,38","890,38","880,88","-","-0,25%"
"16.09.2015","886,63","888,88","894,13","883,38","-","-0,23%"
"15.09.2015","888,63","886,50","894,38","883,38","-","0,57%"
"14.09.2015","883,63","875,63","888,13","875,63","-","1,06%"
"11.09.2015","874,38","874,75","877,75","854,88","-","0,11%"
"10.09.2015","873,38","871,50","879,13","868,63","-","0,14%"
"09.09.2015","872,13","875,88","885,63","870,88","-","-0,74%"
"08.09.2015","878,63","870,38","884,63","870,13","-","1,41%"
"04.09.2015","866,38","869,25","875,88","865,38","-","-0,40%"
"03.09.2015","869,88","874,75","882,38","868,38","-","-0,43%"
"02.09.2015","873,63","874,38","880,13","865,13","-","-0,11%"
"01.09.2015","874,63","884,50","886,63","868,63","-","-1,41%"
"31.08.2015","887,13","884,25","888,13","871,13","-","-0,66%"
"28.08.2015","893,00","887,75","895,63","884,25","-","0,90%"
"27.08.2015","885,00","880,38","894,25","880,00","-","0,84%"
"26.08.2015","877,63","893,13","898,13","877,00","-","-1,80%"
"25.08.2015","893,75","894,13","908,25","886,88","-","0,06%"
"24.08.2015","893,25","901,25","906,13","874,38","-","-1,45%"
"21.08.2015","906,38","920,38","921,00","904,25","-","-1,52%"
"20.08.2015","920,38","904,75","922,75","898,75","-","1,81%"
"19.08.2015","904,00","913,25","917,00","899,88","-","-0,95%"
"18.08.2015","912,63","925,00","929,38","912,63","-","-1,51%"
"17.08.2015","926,63","919,00","933,25","919,00","-","0,19%"
"14.08.2015","924,88","937,88","937,88","921,63","-","-1,36%"
"13.08.2015","937,63","920,88","937,88","920,88","-","2,05%"
"12.08.2015","918,75","981,75","985,00","910,50","-","-6,38%"
"11.08.2015","981,38","1.004,50","1.004,50","978,88","-","-2,75%"
"10.08.2015","1.009,13","979,38","1.009,13","977,88","-","3,30%"
"07.08.2015","976,88","955,38","976,88","952,25","-","2,21%"
"06.08.2015","955,75","962,75","965,00","952,88","-","-0,79%"
"05.08.2015","963,38","948,88","964,13","948,50","-","1,43%"
"04.08.2015","949,75","944,13","957,00","942,75","-","0,53%"
"03.08.2015","944,75","950,38","953,75","939,75","-","-0,88%"
"31.07.2015","953,13","965,63","966,50","951,88","-","-1,23%"
"30.07.2015","965,00","956,88","970,25","956,50","-","0,89%"
"29.07.2015","956,50","956,50","965,38","949,75","-","0,16%"
"28.07.2015","955,00","942,13","956,00","941,63","-","1,81%"
"27.07.2015","938,00","962,50","962,50","937,88","-","-5,34%"
"24.07.2015","990,88","1.010,50","1.011,38","988,88","-","-1,89%"
"23.07.2015","1.010,00","1.022,00","1.028,88","1.004,50","-","-1,28%"
"22.07.2015","1.023,13","1.019,13","1.027,38","1.011,63","-","0,40%"
"21.07.2015","1.019,00","1.011,13","1.019,88","1.008,25","-","1,02%"
"20.07.2015","1.008,75","1.011,00","1.012,63","998,25","-","-0,54%"
"17.07.2015","1.014,25","1.017,00","1.021,25","1.007,63","-","-0,22%"
"16.07.2015","1.016,50","1.027,50","1.038,13","1.015,25","-","-0,91%"
"15.07.2015","1.025,88","1.030,88","1.034,75","1.014,38","-","-0,79%"
"14.07.2015","1.034,00","1.039,00","1.053,13","1.031,25","-","-0,42%"
"13.07.2015","1.038,38","1.030,25","1.040,38","1.021,38","-","0,65%"
"10.07.2015","1.031,63","1.026,25","1.048,00","1.022,25","-","0,56%"
"09.07.2015","1.025,88","995,88","1.033,63","995,75","-","3,13%"
"08.07.2015","994,75","995,25","1.008,13","987,63","-","0,14%"
"07.07.2015","993,38","1.021,38","1.025,63","989,13","-","-2,79%"
"06.07.2015","1.021,88","1.032,00","1.032,00","1.016,88","-","-1,46%"
"03.07.2015","1.037,00","1.037,00","1.037,00","1.037,00","-","0,00%"
"02.07.2015","1.037,00","1.039,75","1.047,13","1.028,88","-","-0,35%"
"01.07.2015","1.040,63","1.048,00","1.054,75","1.033,38","-","-0,73%"
"30.06.2015","1.048,25","993,88","1.051,13","985,50","-","5,36%"
"29.06.2015","994,88","992,00","1.007,88","990,25","-","-0,48%"
"26.06.2015","999,63","998,88","1.024,13","997,88","-","0,15%"
"25.06.2015","998,13","981,00","1.002,50","980,25","-","1,65%"
"24.06.2015","981,88","987,50","990,38","979,13","-","-0,51%"
"23.06.2015","986,88","989,63","995,88","978,13","-","-0,24%"
"22.06.2015","989,25","972,63","989,88","971,63","-","1,87%"
"19.06.2015","971,13","976,00","981,38","966,63","-","-0,58%"
"18.06.2015","976,75","967,75","981,63","962,13","-","1,05%"
"17.06.2015","966,63","957,88","971,88","957,88","-","0,87%"
"16.06.2015","958,25","939,50","958,63","938,88","-","2,10%"
"15.06.2015","938,50","939,88","943,63","930,38","-","-0,11%"
"12.06.2015","939,50","939,75","946,88","933,38","-","-0,17%"
"11.06.2015","941,13","948,38","952,88","938,13","-","-0,87%"
"10.06.2015","949,38","951,00","957,38","944,63","-","-0,12%"
"09.06.2015","950,50","946,88","954,88","943,38","-","0,60%"
"08.06.2015","944,88","938,00","950,88","935,38","-","0,67%"
"05.06.2015","938,63","944,75","951,88","935,38","-","-0,82%"
"04.06.2015","946,38","933,63","948,63","932,38","-","1,18%"
"03.06.2015","935,38","941,00","945,63","931,63","-","-0,53%"
"02.06.2015","940,38","926,38","944,38","925,38","-","1,48%"
"01.06.2015","926,63","931,63","934,88","921,63","-","-0,83%"
"29.05.2015","934,38","926,00","937,38","924,88","-","0,85%"
"28.05.2015","926,50","926,50","934,13","922,13","-","-0,07%"
"27.05.2015","927,13","922,25","931,63","922,13","-","0,54%"
"26.05.2015","922,13","923,63","930,38","920,63","-","-0,30%"
"22.05.2015","924,88","937,75","942,38","923,13","-","-1,40%"
"21.05.2015","938,00","941,38","946,13","937,38","-","-0,31%"
"20.05.2015","940,88","946,75","947,38","936,63","-","-0,58%"
"19.05.2015","946,38","953,25","955,88","942,13","-","-0,89%"
"18.05.2015","954,88","953,38","964,13","950,13","-","0,22%"
"15.05.2015","952,75","958,25","961,13","950,38","-","-0,51%"
"14.05.2015","957,63","958,25","962,13","953,13","-","0,03%"
"13.05.2015","957,38","956,63","962,63","954,63","-","0,10%"
"12.05.2015","956,38","973,13","981,38","955,13","-","-1,82%"
"11.05.2015","974,13","976,38","981,88","972,38","-","-0,10%"
"08.05.2015","975,13","974,50","978,38","969,38","-","0,03%"
"07.05.2015","974,88","983,63","984,63","972,63","-","-0,81%"
"06.05.2015","982,88","984,38","990,38","978,63","-","-0,22%"
"05.05.2015","985,00","975,75","986,63","974,38","-","0,81%"
"04.05.2015","977,13","964,38","978,63","962,88","-","1,28%"
"01.05.2015","964,75","977,50","978,88","961,88","-","-1,27%"
"30.04.2015","977,13","987,88","994,88","972,63","-","-1,16%"
"29.04.2015","988,63","977,38","988,88","972,88","-","1,14%"
"28.04.2015","977,50","972,63","987,88","972,38","-","0,37%"
"27.04.2015","973,88","967,63","979,63","965,88","-","0,49%"
"24.04.2015","969,13","979,13","980,88","966,88","-","-0,89%"
"23.04.2015","977,88","971,50","982,88","971,50","-","0,70%"
"22.04.2015","971,13","973,88","976,38","965,38","-","-0,37%"
"21.04.2015","974,75","975,88","976,88","968,88","-","-0,27%"
"20.04.2015","977,38","968,00","980,88","968,00","-","1,01%"
"17.04.2015","967,63","965,25","972,38","963,25","-","0,28%"
"16.04.2015","964,88","964,25","970,13","955,88","-","-0,03%"
"15.04.2015","965,13","959,38","976,38","958,88","-","0,52%"
"14.04.2015","960,13","948,88","961,38","948,63","-","1,21%"
"13.04.2015","948,63","948,50","957,38","946,00","-","-0,34%"
"10.04.2015","951,88","953,88","958,38","944,75","-","-0,29%"
"09.04.2015","954,63","971,00","972,13","950,75","-","-1,80%"
"08.04.2015","972,13","971,38","974,88","967,88","-","0,05%"
"07.04.2015","971,63","978,38","983,88","970,13","-","-0,74%"
"06.04.2015","978,88","985,38","990,13","978,13","-","-0,60%"
"02.04.2015","984,75","988,13","992,63","981,13","-","-0,43%"
"01.04.2015","989,00","972,75","991,63","972,75","-","1,68%"
"31.03.2015","972,63","966,63","980,13","958,13","-","0,36%"
"30.03.2015","969,13","966,88","976,38","965,13","-","0,17%"
"27.03.2015","967,50","973,75","976,38","965,13","-","-0,72%"
"26.03.2015","974,50","977,13","981,38","972,13","-","-0,43%"
"25.03.2015","978,75","983,25","987,38","978,13","-","-0,37%"
"24.03.2015","982,38","983,50","984,75","975,88","-","-0,03%"
"23.03.2015","982,63","974,88","989,88","973,38","-","1,02%"
"20.03.2015","972,75","961,25","979,88","960,13","-","1,09%"
"19.03.2015","962,25","970,63","979,00","956,63","-","-0,19%"
"18.03.2015","964,13","954,38","966,63","953,63","-","0,86%"
"17.03.2015","955,88","967,50","973,13","953,88","-","-1,38%"
"16.03.2015","969,25","972,63","977,75","967,50","-","-0,56%"