real;dolar
27.66;12.96
27.45;12.91
27.58;13
26.97;12.78
26.96;12.68
27.36;12.73
27.55;12.67
27.84;12.94
27.82;12.87
27.91;12.96
28.48;13.12
28.7;12.99
28.69;12.96
28.33;12.94
27.54;12.72
26.96;12.61
26.57;12.45
26.6;12.46
26.79;12.58
26.76;12.45
26.74;12.4
26.8;12.52
26.74;12.54
26.82;12.54
27.28;12.77
27.26;12.88
27.1;12.82
27.04;12.75
27.33;12.93
27.44;12.9
27.32;12.9
27.15;12.9
27.67;13.26
27.59;13.39
27.58;13.29
27.82;13.43
27.76;13.51
27.28;13.18
27.86;13.52
28.13;13.65
28.36;13.5
28.88;13.47
28.83;13.19
28.3;13.25
29.03;13.17
29.05;13.36
28.61;12.96
29.4;12.84
29.23;12.75
30.26;12.61
29.63;12.91
29.04;12.96
28.74;12.63
30.14;13.05
29.5;12.7
29.28;13
29.97;13.16
30.02;13.34
29.84;13.22
29.3;12.96
30;13.1
30.26;13.14
29.88;13.1
29.84;13.29
28.94;12.84
29.18;12.99
29.19;13.08
29.25;13.04
29.19;13.09
28.55;12.8
28.76;12.85
29.16;13.14
29.04;13.37
29.17;13.47
29.39;13.48
29.57;13.63
29.46;13.39
29.9;13.75
29.49;13.52
29.54;13.55
30.08;13.77
29.74;13.52
29.76;13.4
29.9;13.51
29.42;13.34
29.51;13.46
29.35;13.48
29.38;13.39
29.35;13.35
29.37;13.4
29.95;13.6
30.14;13.76
29.5;13.46
29.49;13.57
29.3;13.47
29.27;13.36
29.83;13.68
29.56;13.58
29.76;13.63
29.15;13.34
29.14;13.38
29.01;13.38
29.05;13.45
29.01;13.4
29.03;13.43
28.95;13.52
28.56;13.36
28.57;13.35
28.49;13.27
28.49;13.36
28.37;13.27
28.82;13.39
28.89;13.41
28.66;13.29
28.37;13.26
28.5;13.33
28.71;13.43
28.8;13.43
28.65;13.4
28.58;13.46
28.69;13.46
28.89;13.42
29.03;13.45
28.84;13.25
28.79;13.28
29.08;13.47
28.82;13.33
28.87;13.42
28.84;13.43
28.86;13.34
29.33;13.47
29.54;13.37
29.58;13.4
29.47;13.28
29.38;13.4
29.47;13.48
29.65;13.65
29.62;13.64
29.66;13.75
30.04;13.82
30.55;14.13
30.66;14.2
30.37;14.04
31;14.38
30.98;14.39
31.09;14.41
30.99;14.5
31.05;14.58
31.86;14.95
32.94;15.41
33.39;15.59
33.69;15.73
33.6;15.72
33.7;15.67
33.64;15.68
33.89;15.85
33.78;15.83
34.08;15.85
33.69;15.72
33.56;15.65
33.75;15.77
33.8;15.81
33.52;15.68
34.06;15.88
34.24;15.99
34.17;15.88
34.06;15.7
34.18;15.91
34.38;15.96
34.5;15.97
34.69;16.05
35.08;16.22
35;16.16
35.04;16.16
35.04;16.15
34.73;15.85
34.71;15.87
34.5;15.91
34.42;15.9
34.35;15.84
33.67;15.56
33.4;15.52
33.63;15.67
32.83;15.32
33.06;15.45
33.14;15.5
33.12;15.39
32.87;15.32
33.25;15.48
33.33;15.53
33.38;15.53
33;15.26
33.17;15.37
33.2;15.39
33;15.37
33.5;15.63
33.57;15.64
33.5;15.68
34;15.95
33.5;15.65
33.67;15.7
33.67;15.64
33.78;15.7
33.58;15.62
33.16;15.43
33.3;15.52
33.2;15.51
33.5;15.64
33.82;15.8
34.1;15.98
34.1;15.97
34.1;16
33.6;15.73
33.91;15.9
33.59;15.78
33.51;15.7
33.46;15.65
33.64;15.75
33.64;15.79
34.05;16.03
33.77;16.07
33.72;16.02
34.01;16.24
33.94;16.27
34.05;16.26
34.18;16.33
34.33;16.28
34.48;16.31
34.54;16.39
34.73;16.6
34.82;16.64
35.01;16.73
35.01;16.86
35.59;17.09
35.76;17.12
35.82;17.19
35.44;16.72
35.57;16.77
35;16.52
34.73;16.29
34.34;16.08
34.33;16.21
34.67;16.41
34.89;16.56
34.62;16.5
34.56;16.55
34.61;16.45
34.27;16.34
34.04;16.28
33.99;16.24
33.84;16.28
33.74;16.25
33.77;16.39
33.29;16.15
33.29;16.14
32.82;15.93
33.07;16.03
33.35;16.12
33.54;16.41
33.37;16.19
33.43;16.32
33.07;16.24
32.91;16.18
32.81;16.15
32.23;15.91
31.69;15.63
31.81;15.61
31.75;15.61
31.65;15.66
31.75;15.59
31.5;15.47
31.32;15.4
31.71;15.63
31.73;15.65
31.66;15.55
31.42;15.44
31.67;15.67
31.56;15.57
31.63;15.57
31.82;15.63
32.17;15.89
32.3;15.94
32.18;15.81
31.91;15.79
31.75;15.7
31.83;15.77
31.82;15.73
32.11;15.91
32.22;16.04
32.03;16.16
32.04;16.41
32.01;16.4
31.99;16.31
31.92;16.46
32.06;16.49
32.24;16.52
32.45;16.47
32.44;16.62
32.42;16.68
32.07;16.44
32.31;16.64
32.45;16.85
32.22;16.91
32.28;16.74
32.69;16.81
32.99;16.9
32.92;16.8
33.19;17.1
33.02;16.97
33.12;17.03
33.21;17.24
33.26;17.39
33.36;17.5
33.12;17.39
33.44;17.34
33.19;17.32
32.81;16.89
32.3;16.56
32.59;16.69
32.81;16.88
32.73;17.03
33.61;17.41
34.13;17.82
33.98;17.78
33.78;17.69
34.05;17.79
34.11;17.93
34.13;17.98
34.53;18.24
34.58;18.28
34.83;18.59
34.85;18.71
34.01;18.18
33.02;17.75
32.72;17.59
32.47;17.51
32.96;17.76
32.15;17.45
32.24;17.33
32.54;17.43
33.5;17.38
33.73;17.81
33.82;18.04
34.21;18.18
34.48;18.23
34.87;18.6
35.23;18.54
35.1;18.42
35.49;18.61
36.05;19.12
36.61;19.01
36.73;18.82
37.41;19.25
37.52;18.9
37.43;18.43
36.83;17.61
36.82;18.18
37.11;18.29
37.43;18.4
37.49;18.64
37.94;19.08
38.01;19.57
37.94;19.44
38.49;19.22
38.98;19.83
39.74;20.13
39.74;20.25
39.63;20.28
40.45;20.76
40.9;20.77
40.29;20.71
40.43;20.78
40.4;20.99
41.27;21.62
40.61;21.33
40.86;21.5
41.7;21.72
41.43;22.07
41.31;22.1
41.59;22.1
41.7;22.32
41.93;22.41
41.98;22.57
42.54;23.03
43.09;23.38
42.62;23.24
42.18;23.3
41.24;22.6
41.19;22.4
42.07;23.05
41.34;22.92
40.97;22.54
41.81;23.19
42.81;23.72
43.26;23.96
43.15;23.78
42.63;23.49
42.78;23.5
42.64;23.87
42.41;23.48
41.63;22.9
42.13;23.43
42.36;23.43
42.04;23.44
42.46;24
42.81;24.37
42.14;24.05
42.29;24.36
41.66;23.83
41.92;23.97
42.23;24.32
42.16;24.23
42.39;24.29
42.36;24.26
42.39;23.85
42.63;24.12
43.57;25.13
43.42;24.85
43;24.34
42.71;24.24
43.21;24.33
43.04;24.18
43.45;24.09
43.33;23.75
44;23.97
43.5;24.25
44.34;24.71
43.89;24.48
43.48;24.24
43.28;23.93
43.06;23.96
42.87;24.14
42.9;24.39
42.68;24.16
42.83;24.37
43.6;24.59
43.55;24.43
44.11;24.55
44;24.27
44.41;24.48
45.08;25.03
45.32;25.11
45.64;25.44
45.36;25.6
45.33;25.74
45.03;25.37
45.13;25.47
46.28;26.42
46.66;26.59
47.05;26.67
47.46;26.95
48.21;27.27
48.35;27.52
48.58;27.81
49.06;28.29
48.93;27.93
48.26;27.22
49;27.42
48.81;27.34
48.83;26.68
48.38;27
47.92;26.26
47.7;26.74
48;26.86
47.92;26.86
48.12;27.02
47.87;26.89
47.89;27.23
48.25;27.63
49.46;28.22
49.5;28.15
50.38;28.48
50.04;28.48
49.9;28.51
49.45;28.37
49.91;28.52
50.13;28.58
50.13;28.87
50.3;29.02
50.04;29.03
49.94;29.19
49.86;29.19
50.71;29.72
50.35;29.9
50.03;29.94
50.32;30.15
51.18;30.26
52.6;31.48
51.97;30.83
51.84;31.01
49.5;29.46
48.39;28.73
47.68;27.95
48.95;29.05
47.82;28.57
49.21;29.07
48.53;28.32
46.45;26.96
46.33;27.45
44.99;26.14
44.36;25.61
45.69;26.15
47.92;27.67
49.27;28.56
48.8;28.09
46.92;26.9
44;25.1
44.98;25.77
45.55;26.37
45.81;26.68
46;26.92
46.11;27.06
45.59;26.91
46.14;27.32
47.26;28.05
46.86;27.73
47.8;28.33
48.43;28.78
47.5;28.55
46.86;28.26
47.08;28.21
47.42;28.55
47.67;28.75
47.52;28.46
47.28;28.36
46;27.25
46.4;27.2
46.91;28.21
45.53;27.59
45.29;27.33
45.76;27.57
46.05;27.25
46.6;27.53
47.4;28.11
46.94;28.19
46.99;28.36
47.28;28.42
46.64;28.18
47.36;28.86
46.11;27.96
46.35;28.09
46.24;27.89
47.1;28.36
47.24;28.47
47.36;28.34
47.6;28.76
46.57;28.45
46.67;28.67
47.2;28.92
47.27;29.02
47.68;29.27
49.4;30.36
50.52;30.92
50.45;31.03
50.11;30.42
52.37;31.89
53.19;32.53
54.03;33.02
53.38;32.85
54.07;33.62
55.12;34.3
54.43;33.93
54.91;34.19
53.52;33.18
53.19;33.2
53.41;33.57
54.62;34.07
55.29;34.64
55.26;34.6
56.12;34.97
56.1;34.99
56.83;35.28
57.02;35.46
54.64;34.13
53.98;33.45
54.77;34.06
55.66;34.57
56.13;35.06
55.07;34.55
54.43;34.27
54.71;34.26
53.87;33.69
52.92;33.3
50.3;31.86
50.04;31.67
49.63;31.33
49.42;31.3
49.74;31.62
49.85;31.65
48.9;31.17
48.82;31.26
49.17;31.48
48.18;30.84
45.72;29.25
45.16;28.67
44.31;28.09
45.45;28.57
44.88;27.91
44.85;27.75
45.12;27.78
46.51;28.8
45.93;28.23
45.35;27.68
46.88;28.6
47.46;29.17
47.23;29.17
48.42;30.07
47.86;29.4
48.9;29.94
49.15;30.13
49.04;30.23
48.36;29.63
48.85;29.91
48.73;29.59
47.76;28.72
47.38;28.23
47.7;27.75
46.99;27.37
46.61;26.85
47.19;26.63
47.75;26.75
48.44;26.69
48.28;27.11
48.63;26.81
47.47;26.08
48.11;25.76
48.78;25.28
48.04;26.25
48.91;27.28
48.93;26.74
49.68;26.86
49.32;27.08
49.14;26.52
48.29;24.55
46.97;24.67
47.47;24.75
46.84;23.18
46.94;22.96
46.55;21.16
47.47;20.53
49.17;21.57
48.9;22.35
48.3;20.87
46.69;21.82
45.24;21.52
44.39;20.5
43.9;20.28
44.66;21.11
44.91;21.21
45.66;20.42
47.83;20.1
48.25;20.89
47.44;20.39
46.83;20.87
46.33;21.2
46.82;21.88
46.32;22.03
46.12;21.39
47.12;21.72
47.18;22.35
46.16;21.79
45.08;20.48
46.3;21.44
46.58;21.25
46.5;20.93
47.57;20.74
48.28;20.28
47.63;20.98
48.32;21.22
48.26;20.76
49.3;20.67
48.2;20.08
48.32;19.61
48.01;20.62
47.02;20.22
47.44;20.93
46.5;20.39
46.64;20.17
46.16;19.91
46.34;19.38
46.28;18.71
46.27;18.28
46.17;18.58
45.47;18.19
45.93;18.58
46.18;19.01
45.86;19.56
45.83;19.38
46.53;19.56
46.66;19.69
46.53;19.82
46.45;19.69
46.78;19.78
47.29;19.79
47.77;20.01
48.17;20.32
48.67;20.15
49.3;21.1
49.67;21.28
49.67;22.03
50.09;22.98
50.43;22.39
49.95;21.74
51.02;22.47
50.4;21.97
50.1;21.52
50.93;21.72
51.32;21.55
51.98;22.25
52.14;22.36
52.13;21.99
52.08;22.14
51.9;22.28
52.83;22.57
52.81;22.86
51.42;22.08
49.82;21.9
50.15;21.85
50.53;21.83
50.29;21.63
49.95;21.53
49.88;21.6
50.28;21.98
50.47;22.45
51.18;22.88
50.9;22.29
51.02;22.28
51;22.29
50.71;22.4
50.03;21.94
48.42;20.82
48.66;20.71
47.75;20.31
46.64;19.52
46.36;19.52
46.14;19.68
46.57;19.64
46.73;19.13
47.27;19.6
47.31;19.94
46.65;19.6
47.26;19.9
47.25;19.89
47.42;20.19
47.19;20.08
46.6;20.23
46.75;20.34
47.18;20.72
47.59;20.83
47.85;21.27
47.87;21.29
48.18;21.28
49.3;21.96
49.34;22.01
49.01;21.8
48.32;21.57
47.41;20.69
47.33;20.3
48.82;21.06
48.91;21.44
48.91;21.89
48.73;22.09
48.93;22.06
49.22;22.19
49.45;22.44
49.54;22.81
49.43;22.78
50.3;22.92
50.64;23.05
50.99;23.43
51.9;23.69
51.5;22.95
51.62;23.44
51.7;23.3
51.18;23.36
50.28;22.65
49.19;22.39
49.45;22.74
51.34;23.46
53.12;24.98
53.19;24.76
53.06;25.12
52.7;24.98
51.53;24.92
51.2;24.87
51.71;24.98
53.06;25.2
53.41;25.65
53.51;25.36
53.4;25.72
53.4;26.24
52.98;26.12
52.88;25.99
53.01;26.15
52.96;26.15
52.5;26.01
52.87;26.24
52.96;26.36
52.17;26.48
52.44;26.85
52.07;27.06
52;26.49
52.78;27.18
53.19;27.18
53.72;27.33
53.37;27.57
53.44;27.39
52.44;27.24
51.19;26.21
51.18;26.02
52.25;26.63
52.36;26.51
51.81;26.26
51.42;25.41
51.93;26.2
52.18;26.29
52.63;27.04
52.33;26.99
52.53;26.75
52.47;26.71
53.27;27.61
53.74;27.53
53.25;27.28
52.98;27.03
50.98;25.58
50.18;24.96
49.93;25.07
50.29;25.15
50.03;25.27
49.7;25.24
49.66;25.66
47.94;24.84
47.67;24.72
47.54;24.98
47.22;24.76
47.21;24.8
47.69;25.25
48.21;25.41
48.27;25.74
49.43;26.26
49.89;26.2
51.87;27.68
51.56;27.65
51.75;28.2
51.55;28.28
51.08;28.21
50.97;27.74
51.27;28.11
50.58;27.35
51.46;27.92
51.2;27.91
51.13;27.91
50.28;27.14
48.59;26.01
47.86;25.94
47.67;25.84
48;26.04
48.23;26.34
49.4;26.78
49.82;26.83
50.02;26.88
50.23;26.93
50.43;26.79
49.7;26.31
49.21;25.83
48.4;25.68
48.5;25.99
47.88;26.02
48.67;26.64
48.22;26.26
47.21;25.93
46.4;25.4
46.3;25.54
46.25;25.61
47;26.11
46.4;25.68
46.5;25.7
45.5;25.06
45;25.03
44.64;24.98
44.8;24.83
43.4;24.14
44.1;24.61
43.6;24.32
43.62;24.62
43.72;24.45
43.25;24.33
43.28;24.58
43.83;25.02
44.1;25.11
44.17;25.4
44.17;25.43
44.5;25.77
44.6;26.19
45.08;26.54
44.25;25.88
44.5;26.01
44;25.23
44;25.51
44.13;25.58
44.5;25.98
43.42;24.95
44.13;25.37
43.41;24.73
43.17;24.94
43;24.49
42.67;24.45
43.83;25.37
44.25;25.7
43.73;25.44
43.67;25.67
42.83;24.95
42.2;24.51
42.5;24.45
41.25;23.95
42.25;24.71
41.25;24.02
40.63;23.66
41.57;23.97
41.86;24.14
41.1;23.78
40.9;23.57
40.92;23.71
41.08;23.48
40.83;23.43
40.92;23.33
41.17;23.91
40.95;23.78
40.43;23.66
40.58;23.52
41.17;23.91
41.83;23.8
42;23.72
41.5;23.5
41.38;23.58
41.67;23.92
40.5;23.1
41.38;23.64
41.5;23.18
41.67;23.37
41.33;23.16
41.33;23.19
41.33;23.52
42;24.12
42;24.1
42;24.1
42;24.42
42;24.26
41.5;23.86
42;24.07
42;24.28
40.4;23.27
41;23.46
41;23.3
40;22.66
40;22.57
40;22.64
39.6;22.35
39.33;21.95
39.13;21.74
39.22;21.61
39.4;21.64
39.07;21.28
39;20.98
38.88;20.82
38.8;20.58
38.12;20.51
38.04;20.79
37.78;20.5
37.66;20
37.65;19.92
38.09;20.33
37.77;20.45
37.93;20.51
38.29;20.71
38.42;20.62
38.15;20.9
38.17;20.95
38.34;21.24
38.45;21.25
39.18;21.46
38.97;21.34
38.6;21.08
38.73;21.44
38.27;21.29
38.06;21.36
38.32;21.41
37.54;20.95
37;20.72
36.99;20.69
37.11;20.85
37.25;21.03
36.75;20.77
36.38;20.65
36.16;20.51
36.54;20.72
36.56;20.71
36.97;20.7
37.44;20.79
38;21.11
37.88;21.32
37.53;20.85
37.58;20.77
37.76;20.68
38.36;21.33
38.04;21.19
37.34;20.97
36.31;20.53
36.14;20.51
36.23;20.65
36.53;20.57
36.91;20.76
37.3;21.03
37.3;21.23
37.53;21.36
37.23;21.31
37.26;21.25
37.66;21.4
37.61;21.43
37.7;21.51
38.35;21.75
38.74;22
38.39;22
38.04;21.55
37.95;21.67
37.84;21.85
37.66;21.68
37.67;21.77
37.84;21.49
38.43;21.39
39.1;21.09
38.97;21.08
37.76;21.3
37.62;21.07
37.76;21.27
37.83;21.29
38.14;21.13
38.05;21.02
38.01;20.86
38.63;21.03
39.37;21.15
39.04;20.98
39.01;20.93
39.07;20.91
38.62;20.81
38.58;21.13
38.41;21.23
38.44;21.12
38.03;20.68
38.39;21.02
38.95;20.96
39.07;20.79
39.22;21.1
39.32;21.29
38.72;21.41
38.34;21.11
38.77;21.44
38.8;21.64
38.79;21.67
38.69;21.61
38.57;21.77
38.59;21.76
38.78;21.76
39.36;21.98
39.29;21.96
39.07;21.96
39.13;21.95
39.57;21.86
39.62;21.96
39.55;22.04
39.53;22.26
39.39;22.17
39.55;22.19
39.86;22.57
40.37;22.89
40.57;23.05
40.9;23.17
41.07;23.43
41.17;23.32
41.55;23.45
42.18;23.67
42.44;23.75
42.34;23.87
42.51;23.81
42.65;24.23
42.43;24.12
42.04;23.82
42.01;23.73
42.22;23.86
42.75;24.27
42.97;24.48
43.02;24.57
43;24.45
43.18;24.55
43.44;24.77
43.57;24.75
43.94;25.08
43.83;24.92
43.67;24.67
44;24.86
44.47;25.1
44.41;25.27
44.51;25.38
44.46;25.36
44.41;25.29
43.93;24.98
44.03;24.9
43.49;24.64
43.43;24.59
43.55;24.72
43.84;25.01
44.08;25.04
44.1;25.11
43.69;25.01
43.79;25.28
44.07;25.43
44.14;25.56
44.52;25.82
44.54;25.85
44.32;25.76
43.99;25.65
44.22;25.9
44.71;25.9
44.27;25.83
44.65;25.99
45.26;26.18
45.66;26.63
45.6;26.48
45.47;26.47
45.5;26.59
45.93;26.87
45.69;26.72
45.23;26.53
44.46;26.28
44.06;26.24
43.31;25.61
43.14;25.83
43.46;25.87
43.27;25.66
44.35;26.59
45.04;27.03
45.5;27.54
46.14;27.76
46.18;27.74
45.55;27.38
45.94;27.25
46.33;27.66
46.67;27.53
47;27.55
47.36;27.86
47.82;28.05
47.54;27.64
47.87;27.94
47.9;28.14
47.96;28.1
47.94;28.22
48.11;28.7
48.38;28.81
49.51;29.19
50.75;29.87
50.8;29.72
51;29.7
50.58;29.36
48.56;27.91
48.75;28.24
48.44;28.28
48.52;28.24
49.13;28.43
48.83;28.16
49.2;28.55
49.28;28.63
49.13;28.41
49.39;28.66
49.2;28.69
49.21;28.81
49.48;29.07
49.53;29.39
49.7;29.6
49.2;29.27
49.5;29.24
49.33;28.87
49.09;28.66
49.18;28.98
49.81;29.42
49.55;29.16
49.65;29.17
49.83;29.06
49.4;28.94
49.69;29.28
49.71;29.31
49.81;29.41
49.71;29.43
50.13;29.64
50;29.78
49.88;29.97
49.88;30.23
49.79;29.92
49.71;29.7
50.5;29.93
50;29.69
50.59;29.95
50.55;29.96
51.01;30.44
51;30.56
52;30.84
51.28;30.47
51.38;30.64
50.8;30.38
51.29;30.66
51.5;30.8
51.43;30.76
51.4;30.76
50.25;30.07
50.08;29.83
50.62;30.04
51.31;30.65
51.82;31.14
51.83;31.08
52.25;31.29
51;30.43
52.46;31.22
52.97;31.78
52.86;31.82
53.03;31.74
52.97;31.78
52.64;31.54
51.7;30.96
51.19;30.62
51.42;30.92
51.31;30.84
51.55;30.91
50.01;29.89
48.67;29.06
48.6;29.21
49.61;29.82
49.9;30.01
49.85;29.96
50.62;30.49
50.75;30.72
50.89;30.94
49.81;30.06
49.7;29.92
49.41;29.66
49.2;29.6
49.2;29.51
47.61;28.44
48.71;28.89
50.35;30.15
50.04;30.02
49.81;29.95
49.6;29.86
49.03;29.57
49.15;29.61
49.09;29.54
49.16;29.72
49.16;30.18
49.3;30.23
48.99;30.39
48.4;30.08
48.4;30.08
47.98;29.72
48.5;30.62
47;29.86
47;29.73
46.72;29.33
46.64;29.31
45.68;28.91
45.69;28.95
46.48;29.23
46.48;29.49
46.75;29.76
47.09;29.94
47.05;30.08
47.28;30.09
47.22;29.83
47.23;30.02
47.7;30.27
47.5;29.89
47;29.28
46.31;28.5
47;29.07
47;29.01
47;29.28
46.75;28.86
47.04;28.98
47.08;28.83
47.19;28.92
47.64;29.37
48.12;29.85
48.18;29.8
48.59;30.09
48.63;29.8
48.84;30.07
49.06;30.12
49.04;30.32
48.59;30.35
49;30.76
49;31.01
47.91;30.02
48.55;30.76
48.91;31.03
48.94;30.91
47.88;30.34
48.48;30.63
48.77;30.69
48.2;30.18
48.06;30.26
48.77;30.83
47.85;29.9
47.89;29.74
47.5;29.74
47.5;29.78
47.35;29.8
47.35;29.8
47.35;29.52
47;29.45
47.21;29.92
47;29.9
47;30.09
46.13;29.63
46.13;29.7
47.06;30.07
47.13;30.04
47.16;30.31
47.83;30.58
48.13;30.44
48.6;30.74
48.98;31.1
49.59;31.42
49.62;31.51
49.36;31.26
49.56;31.63
49.63;31.81
48.73;31.34
49.2;31.64
49;31.76
49;31.9
49.75;31.91
49.44;31.51
48.52;31.24
48.07;30.77
48.52;30.95
48.64;31.14
48.25;30.5
48.25;30.42
47.78;29.64
49.24;30.6
48.64;30.08
50.06;30.96
50.02;31.01
48.81;30.7
48.5;30.5
48.68;30.75
48.75;30.43
49;30.64
49.34;30.78
50.1;31.31
50.1;31.12
50.23;31.2
50.75;31.62
51.26;32.2
51.2;32.24
51.63;32.39
51.72;32.13
52.42;32.04
52.42;31.77
51.69;31.08
51.63;31.16
52.74;31.37
52.5;30.61
52.23;30.49
53;30.81
53;31.03
51.5;29.77
52.28;29.47
52.84;29.45
53.82;29.18
53.13;27.86
52.25;28.37
51.14;27.9
50.86;28.12
50.86;27.84
50;27
48.64;25.87
49;25.93
48;25.41
47.22;25.72
47.22;26.42
47.22;26.74
47.22;26.68
47.22;26.86
48.24;27.55
48.88;28.22
48.99;27.77
48.82;27.72
48.41;27.29
49.5;27.61
49.22;27.65
49.22;28.08
48.5;27.49
48.89;27.76
49.2;28.87
49.2;29.29
49.2;29.04
47;27.17
48;27.57
48.17;27.7
48.17;27.51
48.17;27.65
48.17;27.29
47.5;26.97
47.5;27.24
47.5;26.91
48.23;27.22
47.97;26.95
47.12;26.59
47.12;26.09
47.12;26.09
48;25.76
47.6;25.21
47.93;25.43
47.82;25.76
47.82;25.9
47.82;26.43
47.82;26.54
47.82;26.69
47.82;26.74
47.82;26.64
47.82;26.7
47.82;26.33
46.5;25.75
46.5;25.22
46.92;25.31
46.92;25.04
46.92;25.21
47.5;25.59
47.5;25.43
47.5;25.77
47.5;25.59
47.5;25.65
47.5;25.55
47.5;25.55
49.5;26.6
49.5;26.41
49.5;26.48
49.5;26.47
50.75;27.73
50.75;27.75
50.75;27.61
50.75;27.37
50.75;27.61
50.75;28.15
50.75;28.18
50.75;28.43
50.75;28.3
50.75;28.43
50.75;28.56
47.5;26.91
47.85;27.08
47.85;27.2
48.5;27.73
48.73;27.76
48.81;27.73
48.5;27.84
48.22;27.68
48.22;27.57
48.22;27.63
48;27.7
48;27.87
48;27.96
48;27.79
48;27.84
48.62;28.27
48;27.94
48;27.83
48.46;28.24
49.67;28.88
50.18;29.1
50.68;29.45
50.5;29.48
50.5;29.6
50.5;29.51
50.88;29.82
50.17;29.37
50.5;29.67
50.5;29.43
51.5;30.08
52;30.01
52.25;30.1
53;30.11
53;29.99
53.25;30.08
54.26;30.41
54.93;30.43
55.2;30.67
55.75;30.82
55.78;30.92
56.02;31.09
55.55;30.79
55.68;30.57
55.76;30.65
55.76;30.57
55.73;30.79
56.3;31.02
56.25;31.03
56.54;30.93
56.08;30.71
57.8;31.64
58.75;32.05
58.24;31.79
58.29;31.9
58.88;32.25
58.72;32.26
59.17;32.31
59.19;32.28
59.77;32.71
59.98;32.63
59;32.05
59.84;32.28
60.1;32.02
60.82;32.25
60.5;32.3
62;32.96
61.75;32.79
62.68;33.29
62.73;33.28
63.3;33.56
63.19;33.15
62.6;32.58
63.88;33.36
63.88;33.27
63.74;33.18
63.5;32.78
63.29;32.26
63.75;32.74
62.81;32.18
62.8;31.61
63.82;31.91
63.81;31.89
64.33;32.18
65.11;32.23
65.44;32.04
65.05;31.26
64.25;31.45
64.17;31.52
64.17;32.12
64.17;32.38
62.78;31.59
63;31.23
63;31.23
62.78;30.68
63;30.72
63.38;31.37
63.76;31.42
66.35;32.77
67;32.68
67;32.48
67;32.34
67.88;33
66.85;32.75
67.08;32.58
68.17;33.58
68.86;33.84
69.27;33.74
70;33.9
71.88;34.79
71.83;34.64
72.91;35
73;35.05
73;36.32
71.67;36.03
71.67;35.57
71.67;35.55
71.67;35.36
71.67;35.29
71.67;35.29
78.27;38.37
79;38.8
79;38.76
79;38.78
81;39.78
81;39.96
82.6;40.81
82.6;40.97
84.15;41.56
84.15;41.27
84.15;41.13
84.15;41.33
84.03;41.54
84.03;41.52
84.34;41.34
84.34;41.2
84.34;41.28
83.34;40.65
83;40.93
83;40.93
83;40.93
83;41.05
83;41.15
84;41.67
84;41.54
84;41.44
84;41.54
84;41.6
84;41.69
83.63;41.44
83.91;41.6
85.12;42.14
87.71;43.33
89.9;44.42
89.86;44.22
89.85;43.98
90.04;43.94
90.32;44.15
91.21;44.93
91.2;44.88
91.2;44.68
92;45.12
92;45.32
90.5;44.69
90.5;44.82
90.1;44.43
90.02;44.54
90;44.71
90;44.36
90;44.51
90;44.47
90;44.49
90;44.47
79.2;39.09
75.73;37.33
75.73;37.21
75.73;37.29
75.73;37.32
75.73;37.36
75.73;37.36
75.73;37.45
75.73;37.51
75.73;37.31
75.73;37.32
75.73;37.2
75.73;37.12
75.73;37.14
75.73;37.23
75.73;37.2
75.73;37.29
75.73;37.34
75.73;37.34
75.73;37.42
75.73;37.36
75.73;37.36
75.73;37.38
75.73;37.36
75.73;37.25
75.73;37.29
75.73;37.31
75.73;37.27
75.73;37.21
75.73;37.23
75.73;37.21
75.73;37.09
75.73;36.98
75.73;36.91
75.73;36.51
75.73;36.64
75.73;36.41
75.73;36.43
75.73;36.32
75.73;36.17
75.73;36.11
75.73;36.36
75.73;36.37
75.73;36.39
75.73;36.27
75.73;36.1
75.73;35.6
75.73;35.74
75.73;35.77
75.73;36.08
75.73;36.43
75.73;36.29
75.73;36.44
75.73;36.41
75.73;36.51
75.73;36.37
75.73;36.27
75.73;36.13
75.73;36.25
75.73;36.57
75.73;36.73
75.73;36.53
75.73;36.85
75.73;37.05
75.73;37.03
75.73;37.03
75.73;37.2
75.73;37.16
75.73;37.29
75.73;37.12
75.73;37.16
75.73;37.31
75.73;37.2
75.73;37.27
75.73;37.2
75.73;37.05
75.73;37.07
75.73;37.03
75.73;37.09
75.73;37.05
64.63;31.71
63.56;31.29
63.56;31.31
63.56;31.75
63.56;32
64.51;32.42
64.51;32.47
64.7;32.56
63.43;31.82
65;32.73
64.57;32.46
64.57;32.74
64.57;32.74
64.57;32.84
64.57;32.96
64.57;32.83
64.57;32.89
63.18;32.32
64.19;32.69
64.65;32.73
64.5;32.71
63;31.87
62.5;31.5
62.5;31.68
62.5;31.63
62.5;31.53
62.36;31.53
63.03;32.06
63.5;32.25
62.8;32.02
62.5;32.05
62.4;31.87
62.5;31.86
62;31.44
61.81;31.26
60.7;30.61
60.7;30.52
60.7;30.55
60;30.12
60.79;30.29
61.19;30.38
61.5;30.55
61.78;30.63
62;30.88
62;30.66
62;30.69
59.31;29.33
59.12;29.21
59.12;29.34
59.12;29.74
58.76;29.53
58.23;29.34
58.23;29.44
58.5;29.59
59.18;30.04
59.18;29.66
59.25;29.71
59.25;29.63
60.05;29.76
60;29.85
59.8;29.6
59.74;29.53
59.12;29.31
59.25;29.51
59.93;29.98
60.75;30.28
60;29.97
60;29.84
60.75;30.19
59.72;29.64
60.57;30.2
59.6;29.73
59.72;29.67
59.72;29.46
60.3;30
60;29.76
60;29.62
61.26;30.18
62.12;30.48
62.12;30.47
62.12;30.48
64.52;31.46
64.52;31.53
64.52;31.47
64.52;31.38
64.52;31.12
64.52;30.58
64.52;30.05
64.52;30.32
66.51;31.12
68.06;31.92
67;31.57
67.79;31.74
67.24;31.3
68.64;32.12
69.05;32.09
69.05;32.24
68.68;32.03
68.68;31.62
69.25;31.81
70;31.75
70.31;31.12
70.96;31.62
70.08;31.47
69.91;31.63
70.45;32.17
69.15;31.5
69.15;31
69.64;31.23
70;31.13
70.13;30.91
70.13;31.03
70.27;31.06
70;31
70;30.92
70.49;31.05
70.26;31.12
70.26;30.99
69.32;31.11
70.4;31.19
70.4;31.56
69.41;31.15
70.57;31.52
71.57;32.01
71.83;32.3
71.83;31.92
65;28.97
65;28.82
65.03;28.66
66.02;28.95
66.77;29.31
66.7;28.96
66.7;29.27
64.14;27.89
64.92;28.24
65.15;28.2
64.97;28.44
65;28.61
66;28.86
66.88;28.97
67.94;29.25
70;29.88
70.65;29.54
72.51;30.04
72.34;30.22
73.34;30.11
73.7;30.23
72.5;30.77
75.3;31.53
75.05;31.65
74.86;31.94
75.13;31.59
73.67;30.91
73.67;31.02
74.57;31.6
74.57;31.65
74.91;32.25
73.3;31.77
74.32;32.64
71.83;31.42
73.83;32.48
73.83;32.48
76.55;33.56
74.85;32.87
74.85;33.13
73.68;33.61
73.68;33.46
73.68;33.2
72.09;32.77
72.09;32.81
71.64;32.17
71.64;31.9
71.64;31.71
71.64;32.33
70;31.49
70;31.85
72.22;32.81
73.84;33.4
73.84;33.46
73.84;33.47
73.84;33.47
73.84;33.89
73.84;33.9
73.84;33.95
73.84;33.81
73.84;33.93
73.84;34.15
73.84;33.97
73.84;33.9
75;34.5
75;34.26
75;34.03
75;34.26
75;34.37
75;34.39
75;34.14
75;33.62
75;33.27
75;33.39
75;32.72
75;32.87
75;32.52
75;32.4
75;32.12
75;32.13
77.25;33.1
77.25;33.3
77.25;34.06
77.25;33.94
77.25;33.91
77.25;33.49
77.25;33.81
77.25;33.82
77.25;33.65
77.25;33.33
77.25;33.31
77.25;33.07
77.25;32.76
77.25;32.5
77.25;32.34
77.25;32.69
77.25;33.13
77.25;33.3
77.25;33.47
77.25;32.98
77.25;32.97
77.25;33.08
77.25;33.17
77.25;33.28
77.25;32.97
77.25;32.87
77.25;32.44
77.25;32.72
77.25;32.73
77.25;32.98
77.25;32.79
77.25;32.31
77.25;32.51
77.25;32.5
77.25;32.53
77.25;32.32
73.34;30.6
73.34;31.01
73.34;31.14
73.34;31.13
73.34;31.13
73.34;31.04
73.34;31.22
73.34;31.36
73.34;31.05
68.15;28.77
68;28.33
68;28.37
68;28.08
68.32;28.15
67.55;27.73
67.89;28.1
68.2;28.2
66.94;27.49
67.44;27.96
67.88;28.29
66.2;27.78
66.2;27.83
66.2;27.5
66.2;27.55
66.2;27.32
66.2;27.51
71.82;30.13
71.82;30.09
71.58;29.91
72;30.1
72;30.33
71.6;30.39
71.6;30.55
72.21;30.87
72.83;30.94
73.67;31.73
73.67;31.46
73.67;31.78
72.5;31.28
74.27;31.62
74.27;31.58
73.21;30.98
73.21;31.02
72.24;30.55
72.24;30.73
72.24;30.75
72.24;30.86
72.73;30.92
72.73;31.21
72.73;31.3
72.73;31.34
70;30.34
71.48;30.95
70.09;30.92
70.04;30.97
70.5;31.1
71.83;31.7
71.88;31.64
72;31.54
72;32.09
72;32.48
69;31.29
70.57;32.11
69.77;31.7
69.55;31.33
69.38;31.3
71.61;32.01
71.99;32.12
72;32.14
72;32.11
72;32.39
69.51;31.35
70.46;31.43
71.53;32.12
71.68;32.1
71.46;31.99
71.46;32.17
69.85;31.09
69.37;31.15
69.07;31.11
69.81;31.57
70.42;31.76
70.52;31.78
69.99;31.6
70.28;31.84
70.42;31.69
70.03;31.64
70.49;31.92
71.12;32.06
70.9;32.1
72.13;32.55
71.77;32.27
71.77;32.27
71.89;32.08
71.46;32
71.44;32.12
71.41;31.88
72.09;31.72
72.22;31.69
72.5;31.74
72.01;31.8
72.01;32.03
70.5;31.63
70.5;31.66
70.5;31.53
70.5;31.57
70.83;31.76
70.14;31.37
70.14;31.09
70.22;31.49
70.5;31.6
70.5;31.79
70.31;31.58
70.31;31.87
70.46;32.06
70.46;32.06
70.46;31.85
69.72;31.62
69.72;31.35
69.49;31.38
69.49;31.37
69.49;31.23
69.49;31.39
69.49;31.34
69.49;31.29
69.49;31.27
66;29.82
65.13;29.31
65.01;29.26
65.42;29.08
65.21;29.24
65.06;29.27
65.06;29.43
65.57;29.54
66.06;29.76
66.06;29.65
66.85;30.07
66.85;29.98
66.85;29.74
66.85;29.45
66.85;29.57
66.85;29.59
66.08;28.92
66.08;29.07
66.08;28.77
67.13;29.38
67.13;29.52
67.13;29.46
67.13;29.42
67.13;29.56
67.13;29.65
67.13;29.73
67.44;29.96
67.51;29.87
67.84;29.94
67.43;29.57
67.43;29.5
67.43;29.76
67.43;29.93
67.43;30.06
67.43;30.08
67.43;30.08
67.43;30.05
67.43;30.17
62.94;28.05
62.94;28.06
62.94;27.78
62.94;27.51
62.94;27.48
62.94;27.46
62.94;26.92
62.94;26.87
62.94;27.02
62.94;26.73
62.04;26.23
62.04;26.09
62.04;25.9
61.81;25.67
61.81;25.92
61.81;25.44
61.81;25.6
61.17;24.96
61.17;24.97
61.17;24.63
61.17;24.59
61.17;24.74
61.17;25.18
61.17;25.42
61.17;25.69
61.17;25.62
61.17;25.3
61.17;25.6
61.17;25.47
61.17;25.09
61.17;24.78
61.17;25.11
61.17;24.85
61.17;24.73
61.17;24.59
61.17;24.38
61.17;24.84
61.17;24.22
61.17;24.75
61.17;24.82
61.17;25.35
61.17;24.75
61.17;24.44
61.17;24.38
61.17;24.34
61.17;23.99
61.17;23.84
61.17;23.94
61.17;23.87
61.17;23.89
61.17;23.56
61.17;23.58
61.17;23.51
61.17;23.63
61.17;23.71
61.17;23.78
61.17;24.33
61.17;23.99
61.17;24.1
61.17;24.42
61.17;24.28
61.17;23.83
61.17;23.96
61.17;23.76
61.17;23.94
61.17;23.65
61.17;23.56
61.17;23.43
61.17;23.57
61.17;23.42
61.17;23.07
61.17;23
61.17;22.77
61.17;22.32
61.17;22.64
61.17;23.05
61.17;23.03
61.17;22.98
61.17;22.6
61.17;22.85
61.17;22.62
61.17;23.04
61.17;22.72
61.17;22.52
61.17;22.67
61.17;22.6
61.17;22.93
61.17;23.18
61.17;22.93
61.17;23.23
61.17;23.35
61.17;23.22
61.17;23.34
61.17;23.08
61.17;23.38
61.17;23.47
61.17;23.75
61.17;23.69
61.17;23.65
61.03;23.74
61.03;23.7
61.03;23.4
61.03;22.73
61.5;22.67
62.21;23.09
61.98;22.56
61.98;22.6
62.35;22.49
63;22.66
63;22.25
63;21.95
63;22.25
63;22.22
63;22.15
65;22.69
65.83;22.92
65.83;22.91
65.28;23.03
65.28;22.75
65.84;22.88
65.84;23.05
65.84;22.76
65.84;22.56
65.84;22.1
65.84;21.88
65.84;21.59
65.84;21.08
67.32;21.65
67.32;21.54
67.32;21.34
67.32;20.65
67.32;20.74
67.32;20.74
67.32;20.94
67.32;20.43
69.44;21.45
69.81;22.16
69.81;22.34
69.95;21.88
69.95;21.94
69.95;21.62
70.65;21.95
70.65;22.08
70.65;22.27
70.65;22.59
70.65;22.61
70.65;22.62
70.65;23.13
70.65;23.03
70.65;22.89
70.65;22.64
70.65;23.07
70.65;23.24
70.65;23.47
70.65;23.21
70.65;23.36
70.65;23.46
70.65;23.72
70.65;23.89
65.09;22.3
65.01;22.11
65.01;22.01
65.01;21.6
67.73;21.94
68.4;22.26
68.63;22.55
67.98;22.48
66.43;22.28
67.37;22.1
67.37;22.28
65.84;21.67
65.44;21.84
65.07;21.72
66.22;21.94
65.98;21.71
65.01;21.63
64.98;21.37
65.6;21.24
65.4;21.1
66.79;21.19
67.08;21.33
66.95;21.18
67.9;21.32
67.45;21.24
67.48;21.53
66.88;21.35
67.98;21.58
67.03;21.54
66.76;21.55
67.57;21.68
67.37;21.7
66.75;21.43
66.23;21.17
66.76;21.59
67.68;22.11
67.63;22.14
67.87;21.89
68.11;22.1
68.17;22.11
67.97;21.96
69.79;22.37
69.81;22.32
69.96;22.47
70.16;22.57
70.22;22.33
71.27;23.01
70.38;22.44
71.13;22.59
71.67;22.52
71.68;22.21
71.85;22.3
71.91;22.71
72.18;23.04
71.78;22.87
71.93;22.96
72.62;23.03
72.86;22.83
72.78;22.75
73.05;23.06
73.2;22.68
74.83;22.74
75.19;22.45
74.42;22.14
74.72;22.17
74.82;22.47
75.91;22.46
76.13;22.28
76.29;22.11
76.73;22.18
77.84;22.31
78.5;22.2
78.44;22.35
79.29;22.98
79.53;22.72
79.53;22.9
79.53;22.67
79.53;22.82
75.63;21.7
74.66;21.53
73.92;21.23
75.77;21.95
75.77;21.69
76.25;21.42
76.68;21.35
77.67;21.56
77.67;21.8
77.2;21.54
77.49;21.33
77.62;21.03
78.6;20.94
79.31;21.13
79.51;20.65
80.06;20.97
80;21.06
80.23;20.78
80.03;20.63
81.77;21.41
81.33;21.09
81.6;21.29
80.19;20.76
80.33;20.34
81.43;20.47
82.67;20.41
83.45;20.18
84.74;20.94
83.27;20.98
83.23;20.4
84.63;20.83
84.25;21.2
83.65;20.97
82.59;20.95
82.38;21.11
82.27;21.4
80.8;20.85
80.28;21.07
79.49;21.19
80.79;20.87
81.99;21.47
81.85;21.54
81.72;21.28
81.95;21.07
82.33;21.08
83.65;21.2
83.45;21.26
83.08;21.39
82.07;20.98
81.78;20.98
81.57;20.79
82.44;21.37
81.4;21.07
81.37;21.62
79.58;20.94
80.63;21.34
79.88;21.13
79.12;20.82
80.05;21.11
79.02;20.95
78.81;20.95
79.27;20.7
80.24;21.04
80.21;20.99
80.44;21.3
79.97;21.38
79.93;21.62
79.56;21.32
79.15;21.41
80.41;21.44
79.85;21.29
80.11;21.05
81.86;21.07
81.09;20.99
80.68;20.98
80.3;21.41
80.64;21.61
80.24;21.31
79.7;20.91
80.18;21.42
80.01;21.02
80.27;20.76
80.66;20.74
80.77;20.81
80.78;20.6
80.8;20.76
80.79;20.47
81.27;20.25
81.45;20.4
81.37;20.59
81.44;21.06
81.37;20.97
81.35;20.55
81.64;20.17
82.26;20.61
81.84;20.37
82.35;20.36
83.16;20.61
83.35;20.59
85.7;21.21
85.59;21.39
85.05;21.29
84.42;20.85
83.98;20.83
83.48;20.62
82.39;20.02
83.31;20.06
82.94;20.19
81.49;19.85
80.91;19.9
80.44;19.7
80.73;19.83
79.89;19.85
79.32;19.98
79.82;20.05
79.67;20.31
77.44;19.9
76.69;19.6
76.06;19.33
76.88;19.33
77.26;19.34
77.54;19.42
78.99;19.44
78.96;19.86
78.39;19.41
78.92;19.54
77.82;19.74
77.07;19.46
77.5;19.6
76.56;19.43
77.16;19.31
76.71;19.2
76.34;19.36
75.3;19.35
74.1;19.43
73.58;19.52
74.4;19.64
74.63;19.89
74.04;20.01
73.45;20.17
73.56;20.42
73.45;20.15
74.5;19.84
75.15;20.05
74.4;20.41
73.74;20.54
73.69;20.41
74.63;20.78
74.97;20.41
75.74;20.53
75.07;20.69
75.65;20.82
74.88;20.68
74.34;20.63
75;21.01
74.9;20.79
75.81;20.66
76.03;20.84
76.81;20.82
75.45;20.94
74.84;21.41
75.42;21.47
76.32;21.87
76.42;21.95
76.75;21.84
78.53;21.79
78.77;22.28
79.76;22.59
79.65;22.29
81.7;23.01
81.14;23.03
82.66;23.47
82.98;23.73
81.91;23.82
82.79;23.72
84.55;23.72
84.09;23.8
83.42;23.52
82.98;23.72
83.09;23.56
85.66;24.69
85.55;24.83
85.5;24.64
85.79;24.36
85.47;24.45
86.05;24.67
86.18;24.21
87.32;24.47
87.4;24.69
87.91;24.55
88.65;24.76
89.31;24.83
90.61;25.13
90.84;25.41
91.77;25.36
92.61;25.78
94.7;26.42
96.26;27.29
95.47;27.33
95.48;27.68
96.37;28.59
96.3;28.36
96.88;28.26
97.51;28.03
97.61;27.97
97.44;28.13
96.16;27.72
96.78;28.28
95.97;28.25
94.85;27.89
94.75;28.07
93.81;28.01
92.66;27.46
94.17;27.72
93.93;28.44
92.42;28.56
92.01;28.63
92.31;28.57
92.48;28.33
91.18;27.62
89.98;26.97
89.04;26.51
87.65;26.66
89.12;26.93
89.05;27.08
91.18;27.82
90.54;27.84
89.17;27.42
87.69;26.99
86.37;26.52
86.14;26.51
85.28;25.97
83.76;25.69
82.58;25.1
82.89;25.34
83.01;25.42
83.3;25.3
84.03;25.94
82.77;25.3
81.5;24.94
82.9;25.6
81.45;25.46
80.78;25.52
80.81;25.53
80.55;25.68
79.62;25.5
79.8;25.43
79.9;25.07
81.06;25.48
81.62;25.63
83.42;25.99
83.54;25.79
83.22;25.93
83.42;26.04
83.52;25.84
83.36;25.85
82.46;25.55
81.52;24.93
81.89;25.33
80.62;24.84
79.19;24.57
79.47;24.47
79.64;24.51
79.8;24.34
79.89;24.9
79.92;24.89
81.63;24.92
80.85;24.91
80.38;24.25
80.1;24
80.27;24.28
80.18;24.56
80.12;24.49
80.2;24.66
79.84;24.85
79.11;24.58
78.52;24.26
78.11;24.06
77.78;24.09
77.95;24.17
77.97;23.94
77.77;23.92
77.67;24.27
77.47;23.8
77.58;24.09
77.32;23.98
77.01;23.95
76.82;23.98
76.4;23.89
75.83;23.85
75.81;23.67
75.86;23.68
76.79;24.14
76.36;24.09
76.27;24.31
76.37;24.13
76.33;24.47
76.1;24.49
76.06;24.2
77.12;24.46
77.89;24.36
77.01;24.18
77;23.77
76.86;23.75
76.49;23.75
76.55;23.88
76.54;24.13
77.03;23.97
78.04;23.21
78.93;23.16
78.91;22.93
77.94;22.74
78.1;22.84
78.09;23.1
78.03;23.28
78.71;23.44
78.99;23.31
79.28;23.39
79.91;23.41
80.12;23.68
79.94;23.53
79.99;23.62
79.77;22.98
80.08;23.12
80.17;23.39
80.39;23.6
79.86;23.4
79.84;23.59
79.6;23.64
79.41;23.73
79.08;23.79
78.59;23.52
79.12;23.46
79.59;23.47
79.01;23.43
78.44;23.44
77.31;23.23
76.77;23.29
75.81;23.18
76.17;23.25
76.37;23.31
75.95;23.14
75.68;23.29
77.22;23.51
75.48;23.18
74.52;23.13
74.82;23.4
74.3;23.06
74.06;23.18
74.48;23.32
74.89;23.52
74.89;23.62
76.21;23.72
76.49;23.64
78.61;24.49
79.29;24.63
79.6;24.9
78.59;24.73
76.9;24.28
76.62;24.18
76.4;24.11
76.11;23.94
76.08;24.13
73.75;23.66
73.43;23.33
74.17;23.55
73.77;23.66
73.8;23.7
73.78;23.62
74.23;23.78
74.89;24.03
74.77;23.89
74.88;24.1
75.03;24.12
74.55;24.07
73.83;24.08
74.01;24.05
73.57;23.79
73.63;23.87
74.29;24.06
72.61;23.66
71.8;23.46
71.9;23.12
72.41;23.4
72.48;23.03
72.64;23.32
72.64;23.25
72.08;23.14
72.37;22.89
72.38;22.67
71.7;22.84
71.08;22.55
70.82;22.3
70.85;22.75
70.01;22.44
69.41;22.4
69.24;22.56
69.24;22.45
68.78;22.22
68.86;21.96
68.33;21.99
67.12;21.44
67.24;21.41
67.06;21.51
66.66;21.25
66.74;21.34
65.05;20.9
64.42;20.79
64.25;20.7
64.34;20.46
64.43;20.43
64.62;20.61
64.77;20.56
65.91;20.94
66.24;21.06
65.43;21.09
65.19;20.89
66.31;21.12
66.78;21.17
66.7;21.3
67.63;21.46
67.57;21.28
67.3;21.2
67.82;21.37
68.26;21.64
67.87;21.5
69.08;21.69
69.71;21.96
69.32;21.68
69.87;21.95
69.42;21.93
68.95;21.87
68.11;21.79
67.72;21.79
67.56;21.81
68.33;21.89
71.2;21.05
70.04;21.48
69.94;21.33
69.48;21.29
69.77;21.28
69.64;21.17
68.92;21.09
68.36;20.9
67.49;20.69
67.57;20.87
67.23;20.7
67.37;20.72
68.08;20.71
68.55;20.91
68.88;21.02
69.49;21.3
69.35;21.13
69.54;20.99
70.08;21.21
69.45;21.12
69.53;21.15
69.93;21.26
69.86;20.95
69.74;20.94
68.94;20.69
68.44;20.5
68.11;20.63
68.61;20.68
68.13;20.74
68.78;20.82
69.88;21.1
71.48;21.66
71.37;21.57
72.28;21.94
72.23;21.89
73.23;22.3
73.88;22.66
74.4;22.86
73.73;23
72.58;22.6
71.12;22.36
71.51;22.47
71.75;22.74
71.72;22.8
71.86;22.96
71.68;22.84
71.49;22.72
72.18;22.78
71.99;22.93
72.27;22.89
72.72;23.21
71.59;22.97
69.98;22.41
69.98;22.42
69.2;22.22
68.97;22.07
70.66;22.62
70.42;22.54
71.26;22.63
71.55;22.58
70.63;22.28
70.13;21.98
69.39;21.85
69.33;22
69.26;21.79
69.48;22.09
69.15;21.83
69.43;21.92
69.49;22.15
69.74;22.18
69.51;22.05
69.56;22.01
69.98;22.14
69.56;22.02
69.35;22.02
69.44;22.09
69.4;22.14
70.44;22.59
70.37;22.68
70.31;22.74
69.68;22.48
69.47;22.2
70.12;22.39
71.09;22.82
70.91;22.76
70.63;22.55
70.44;22.44
70.49;22.51
70.51;22.43
70.86;22.67
70.74;22.41
70.83;22.35
70.81;22.19
70.96;22.31
70.72;22.33
70.58;22.38
69.95;22.23
69.44;22.18
70.09;22.22
70.57;22.35
70.86;22.24
70.84;22.28
70.8;22.36
71.54;22.7
72.29;22.81
71.89;22.69
71.6;22.62
71.37;22.48
71.81;22.53
71.67;22.22
71.97;22.09
72.81;22.45
72.69;22.19
72.86;22.45
72.59;22.14
72.64;22.18
73.48;22.5
73.39;22.24
73.53;22.56
73.82;22.5
73.9;22.68
74.19;22.79
73.94;22.55
74.81;22.7
74.01;22.39
73.56;22.46
73.65;22.59
73.57;22.55
73.92;22.74
74.08;22.9
74.15;23.02
74.08;22.94
73.95;22.98
73.82;22.99
73.46;22.63
74.18;22.64
74.51;22.87
75.01;23.13
75.22;23.29
74.94;23.12
75.06;22.83
75.16;22.78
75.01;22.74
75.16;22.59
74.99;22.65
74.67;22.35
74.52;22.54
73.91;22.42
73.48;22.26
73.31;22.28
72.87;22.01
73.26;22
73.12;22.04
73.2;22.11
73.11;22.1
72.41;22.21
72.03;22.22
71.78;22.24
72.23;22.35
72.16;22.31
72.07;22.19
72.02;22.31
71.51;22.18
71.17;22.18
71.27;22.21
71.66;22.19
71.84;22.34
71.95;22.41
71.85;22.46
71.91;22.42
72.38;22.33
72.02;22.67
71.62;22.82
71.07;22.59
71.55;22.6
72.11;22.7
71.66;22.49
71.49;22.56
71.74;22.33
71.93;22.17
72.74;22.45
72.95;22.26
73.42;22.37
73.36;22.18
74.61;23.1
74.53;23.02
74.75;23.22
75.17;23.25
75.76;23.29
76.5;23.53
76.73;23.64
76.74;23.68
77.04;23.8
77.11;23.75
78.37;24.2
78.82;24.21
80.06;24.63
79.75;24.56
79.77;24.87
79.67;24.55
80.01;24.51
79.68;24.52
78.93;24.25
79;24.2
78.9;24.17
79.36;24.12
79.3;24.22
78.79;23.97
78.23;23.65
78.28;23.93
78.85;23.88
78.71;23.75
79.84;24.17
80.56;24.19
80.37;24.13
80.41;24.36
81.36;24.52
82.44;24.71
81.86;24.53
84.19;25.18
85.21;25.28
87.02;25.59
86.78;25.48
86.5;25.6
86.64;25.47
86.61;25.3
86.83;25.37
85.34;25.07
85.32;25.26
84.99;25.08
85.35;25.02
85.59;24.82
85.84;24.74
87.24;25.02
87.17;25.06
87.09;25.16
86.8;24.76
87.3;24.61
86.6;24.56
86.34;24.52
85.98;24.19
85.77;24.02
86.11;23.89
85.55;24.13
85.39;23.7
85.82;23.68
85.99;23.48
85.21;23.17
85.02;22.95
85.82;22.93
85.79;23.27
86.4;23.73
86.45;23.83
86.32;23.68
86.47;23.54
86.56;23.16
87.09;23.25
86.6;23.15
86.89;23.08
86.71;23.18
87.34;22.92
87.52;22.92
87.69;22.37
86.85;23.37
83.64;22.49
82.51;22.2
82.62;22.23
82.78;21.8
83.52;22.44
83.32;22.23
82.53;22.05
83.52;22.11
84.04;22.3
84.7;22.43
83.8;22.16
83.97;22.12
85.5;22.2
85.39;22.11
86.54;22.33
87.07;22.26
87.44;22.46
87.24;22.3
88.09;22.4
88.14;22.57
88.1;22.77
87.61;23.07
88.27;22.75
88.71;22.83
88.19;22.9
88.93;23.03
89.19;23.22
89.72;23.41
89.32;23.1
88.9;23.51
88.23;23.3
87.95;23.49
87.81;23.69
88.12;23.55
88.07;23.72
87.83;23.56
89.53;23.85
88.6;23.6
88.4;23.53
87.3;23.56
87.22;23.39
87.72;23.31
88.75;23.54
88.62;23.32
89.15;23.11
88.94;22.8
89.39;23.12
90.32;23.15
91.84;23.54
90.79;23.17
90.35;22.83
89.71;22.3
91.95;22.66
91.07;22.13
91.19;22.22
90.29;22.1
90.47;21.83
91.13;22.13
92.12;22.14
92.62;22.77
91.52;22.06
93.4;22.48
93.83;22.71
94.29;22.91
94.09;22.98
95.46;22.95
95.76;23.09
96.98;23.1
96.95;23.28
96.25;23.36
95.57;23.14
96.03;23.28
96.17;23.6
95.72;23.69
96.23;23.57
97.39;23.85
97;24.1
95.91;24.05
95.62;23.65
96.39;23.98
95.64;24.34
93.89;24.09
94.72;24.34
94.09;24.34
91.6;24.35
90.83;24.48
90.65;24.12
90.98;24.13
90.81;24.31
90.92;24.44
91.36;24.81
90.04;24.28
89.57;24.15
89.4;24.23
88.61;23.96
88.99;23.83
88.08;23.8
87.64;24.02
85.53;23.06
86.28;23.35
85.74;23.12
85.79;23.26
85.98;23.12
85.82;22.86
86.24;23.05
85.36;22.81
85.28;22.83
84.9;22.64
85.14;22.29
84.93;22.42
84.62;22.65
83.29;22.13
83.41;22.19
83.53;22.07
83.24;21.88
83.24;21.81
82.07;21.02
82.18;21.14
82.55;21.49
82.78;21.48
82.78;21.46
82.93;21.66
82.6;21.4
80.65;20.85
80.1;20.6
82.1;21.15
81.39;20.75
81.43;20.79
81.2;21.09
80.98;20.89
80.7;20.68
81.03;20.8
81.53;20.9
81.5;21.04
80.11;20.8
80.45;20.67
80.62;20.57
80.35;20.61
80.17;20.69
79.35;20.8
78.5;20.9
78.04;21.01
77.37;20.75
77.56;20.91
76.72;20.82
75.99;20.43
76.01;20.46
75.67;20.47
74.91;20.09
74.53;19.99
74.83;20
75.7;20.15
76.22;20.27
77.04;20.29
78.07;20.72
78.13;20.72
77.68;20.65
77.25;20.52
77.46;20.8
77.5;20.82
77.08;21.11
77.31;21.12
77.02;20.98
77.22;21.08
77.2;20.86
77.09;20.8
77;20.62
77.26;20.55
77.39;20.88
78.02;20.79
78.63;21.01
77.83;21.01
77.78;20.83
77.35;20.86
77.4;20.77
79.45;21.17
78.99;21.15
78.31;20.95
78.18;20.86
77.87;20.88
77.36;20.63
78.06;20.68
78.14;20.36
78.94;20.26
78.64;20.33
77.96;20.3
77.09;20.23
77.82;20.44
78.13;20.31
78.73;20.62
78.53;20.73
77.81;20.56
77.39;20.64
78.5;20.69
78.96;20.23
78.93;20.45
78.36;20.26
78.48;19.87
79.03;20.21
77.71;19.85
76.93;19.86
77.62;20.13
77.25;19.96
77.95;20.24
77.45;20.03
77.33;20.1
76.97;19.97
76.64;20.07
76.24;19.76
76.5;19.68
77.25;19.96
76.86;19.72
76.99;19.58
76.66;19.51
76.48;19.46
76.35;19.47
75.73;19
75.46;19.08
76.11;19.36
74.69;18.95
74.36;18.97
73.94;18.67
73.4;18.65
74.32;18.78
74.92;18.88
74.23;18.89
73.93;18.72
74.58;18.92
75.14;18.87
77.07;19.4
78.3;19.61
78.96;19.55
79.38;19.36
80.56;19.64
81.65;20.15
79.93;19.77
80.48;19.9
81.13;20.21
80.81;20.04
82.56;20.55
82.66;20.8
83.41;20.98
82.58;21.03
81.86;21.01
80.98;20.99
81.38;20.87
81.81;21.09
81.54;21.06
81.28;20.96
81.18;21.1
81.49;21.12
81.79;21.21
82.73;21.25
83.39;21.38
83.19;21.55
82.76;21.48
81.53;21.34
81.5;21.31
82.16;21.33
82.11;21.34
81.59;21.3
81.8;21.33
80.61;20.97
80.56;20.91
80.43;21.05
80.36;21.18
79.56;20.84
78.72;20.68
78.1;20.63
78.72;20.98
79.1;21.09
79.41;21.23
79.06;21.04
78.74;20.92
78.39;20.85
77.56;20.8
78.9;21.06
77.81;20.82
77.97;20.67
78.39;20.79
78.26;20.69
78.13;20.74
78.79;20.85
77.94;20.54
77.29;20.35
78.63;20.47
80.18;20.64
81.66;20.62
82.56;20.87
83.09;20.9
83.08;21.17
83.58;21.22
84.12;21.15
84.59;21.34
85.16;21.09
85.4;21.39
85.62;21.4
85.54;21.04
86.14;21.32
85.95;21.36
86.33;21.2
87.43;21.24
88.56;21.33
88.52;21.34
88.5;21.29
88.68;21.3
88.52;21.43
88.32;21.12
88.04;21.07
87.64;21.35
86.55;21.11
86.06;21.13
85.36;20.84
86.02;20.99
85.35;21.01
86.09;21.22
85.39;20.87
85.72;20.96
86.01;21.08
85.37;20.77
85.5;20.57
86.89;20.92
87.58;21
87.32;20.92
87.06;20.95
86.86;20.88
86.61;20.85
86.76;20.9
88.14;21.17
87.61;21.19
87.28;21.37
86.38;21.27
86.55;21.1
86.98;21.27
87.59;21.39
88;21.35
88.05;21.55
88.98;21.56
89.66;21.56
89.94;21.63
90.07;21.65
89.18;21.67
89.82;21.72
89.39;21.95
89.19;22.12
88.91;22.03
88.7;22.13
87.56;21.95
86.94;21.75
87.47;21.93
87.38;21.78
87.36;21.85
87.54;21.84
87.71;21.98
89.3;21.86
88.97;21.76
89.82;21.61
89.74;21.69
89.85;21.55
90.45;21.6
90.24;21.54
90.42;21.53
90.74;21.62
90.62;21.56
91.3;21.76
90.69;21.64
90.23;21.42
90.97;21.43
90.76;21.32
90.72;21.53
90.06;21.27
89.57;21.24
88.15;20.95
88.24;20.99
89.7;21.43
89.56;21.62
89.09;21.56
89.03;21.48
88.91;21.51
88.36;21.63
87.96;21.42
86.79;21.37
87.32;21.49
87.69;21.56
87.22;21.48
87.25;21.3
87.42;21.45
87.13;21.45
87.59;21.64
87.9;21.89
88.08;21.89
88.91;21.94
88.24;21.68
88.02;21.68
88.13;21.76
88.19;21.58
88.06;21.58
88.56;21.41
88.96;21.55
88.75;21.25
87.53;20.87
87.4;21.01
87.66;20.93
87.67;20.87
87.41;20.93
86.23;20.7
86;20.55
85.93;20.44
85.81;20.46
85.99;20.37
85.75;20.12
85.33;19.92
84.73;19.94
85.13;20
85.57;20.16
85.7;20.04
86.79;20.1
87.09;20.13
87.31;20.18
87.69;20.17
88.34;20.34
88.57;20.6
87.6;20.25
88.69;20.35
88.54;20.27
89.06;20.3
88.8;20.23
88.66;19.97
88.84;19.88
89.86;20
90.3;20.13
90.83;20.14
91.57;20
92.37;19.87
92.8;20.05
92.55;19.51
92.32;19.88
92.86;19.62
93.23;19.35
92.18;19
93.18;18.53
94.56;18.91
94.69;18.11
95.84;18.8
96.7;19.15
96.4;18.76
98.01;19.25
99.69;19.89
98.55;19.69
98.82;19.54
100.66;19.45
101.21;19.48
101.37;19.27
101.14;19.21
101.48;19.09
101.4;19.12
101.21;19.4
101.16;19.64
100.07;19.62
101.44;19.59
101.08;19.49
101.17;19.32